alias,trials,parser / interface,execution / geometry,goal validation,other
qwen3-4b-fp8,140,772,64,67,0
qwen3-4b-fp8-icl,140,0,0,0,0
qwen3-vl-4b-thinking-fp8,140,685,20,83,0
qwen3-vl-4b-thinking-fp8-icl,140,0,0,0,0
qwen3-8b-fp8,140,610,51,87,0
qwen3-8b-fp8-icl,140,0,0,0,0
qwen3-vl-8b-thinking-fp8,140,286,8,104,0
qwen3-vl-8b-thinking-fp8-icl,140,0,0,0,0
qwen3-32b-fp8,140,288,11,59,0
qwen3-32b-fp8-icl,140,0,0,0,0
qwen3-vl-32b-thinking-fp8,140,171,28,61,0
qwen3-vl-32b-thinking-fp8-icl,140,0,0,0,0
qwen3-vl-8b-instruct,140,801,288,18,0
internvl3.5-8b,140,811,271,41,0
qwen3-vl-8b-thinking,140,238,17,82,0
holo2-8b,140,765,238,45,0
qwen3-8b-nothink,140,763,283,4,0
llama-3.1-8b-instruct,140,1194,163,10,0
qwen2.5-7b-instruct,140,1067,197,2,0
qwen3-8b,140,646,33,80,0
r1-distill-llama-8b,140,1538,0,0,0
r1-distill-qwen-7b,140,891,368,6,0
