model,variant,trials,failed,Plan format,Plan rules,Corrective block,Insertion,Scene precondition,Task plan,Motion / grasp,Merge conflict,Replan budget,Other
holo2-8b,FINAL.K0,10,5,1,20,17,0,21,0,6,0,2,0
holo2-8b,FINAL.K1,10,9,1,20,25,12,20,0,6,0,9,0
holo2-8b,FINAL.K2,10,8,1,29,15,0,25,0,5,0,9,0
holo2-8b,FINAL.K3,10,6,4,19,18,7,21,0,12,0,4,0
holo2-8b,FINAL.K4,10,6,3,25,15,0,22,0,9,0,4,0
holo2-8b,FINAL.K3-n2,10,7,3,20,23,12,24,0,10,0,1,0
holo2-8b,FINAL.K3-n3,10,6,2,15,22,13,18,0,12,0,1,0
holo2-8b,FINAL.K1-w1,10,9,0,23,35,17,26,0,3,0,1,0
holo2-8b,FINAL.K1-w2,10,6,1,25,18,10,21,0,6,0,5,0
holo2-8b,FINAL.G0,10,10,11,6,29,0,3,0,0,0,1,0
holo2-8b,FINAL.G1,10,10,6,6,47,0,0,0,2,0,1,0
holo2-8b,FINAL.G2,10,10,6,7,55,1,5,0,1,0,3,0
holo2-8b,FINAL.G3,10,10,0,3,61,4,0,0,1,0,0,0
holo2-8b,FINAL.G1-n1,10,9,2,3,58,1,2,0,2,0,0,0
internvl3.5-8b,FINAL.K0,10,6,0,9,13,0,27,0,9,0,15,0
internvl3.5-8b,FINAL.K1,10,10,2,5,29,15,28,0,3,0,17,0
internvl3.5-8b,FINAL.K2,10,8,0,12,16,0,31,0,8,0,17,0
internvl3.5-8b,FINAL.K3,10,9,1,12,19,8,21,0,9,0,15,0
internvl3.5-8b,FINAL.K4,10,6,0,17,13,0,29,0,7,0,14,0
internvl3.5-8b,FINAL.K3-n2,10,8,0,22,7,16,34,0,4,0,12,0
internvl3.5-8b,FINAL.K3-n3,10,9,0,13,23,29,31,0,5,0,11,0
internvl3.5-8b,FINAL.K1-w1,10,10,1,16,25,18,23,0,5,0,12,0
internvl3.5-8b,FINAL.K1-w2,10,10,2,9,23,17,30,0,2,0,13,0
internvl3.5-8b,FINAL.G0,10,10,1,2,55,0,0,0,1,0,15,0
internvl3.5-8b,FINAL.G1,10,10,1,1,69,1,0,0,4,0,4,0
internvl3.5-8b,FINAL.G2,10,10,0,0,64,1,1,0,0,0,12,0
internvl3.5-8b,FINAL.G3,10,10,0,1,54,0,0,0,0,0,16,0
internvl3.5-8b,FINAL.G1-n1,10,10,3,1,59,3,1,0,0,0,15,0
llama-3.1-8b-instruct,FINAL.K0,10,9,19,18,33,0,15,0,6,0,3,0
llama-3.1-8b-instruct,FINAL.K1,10,10,23,29,24,10,22,0,3,0,1,0
llama-3.1-8b-instruct,FINAL.K2,10,5,15,32,10,0,17,0,1,0,1,0
llama-3.1-8b-instruct,FINAL.K3,10,10,30,36,20,10,16,0,0,0,3,0
llama-3.1-8b-instruct,FINAL.K4,10,10,27,21,30,0,18,0,4,0,4,0
llama-3.1-8b-instruct,FINAL.K3-n2,10,10,13,21,30,20,15,0,0,0,8,0
llama-3.1-8b-instruct,FINAL.K3-n3,10,10,20,27,27,30,16,0,1,0,8,0
llama-3.1-8b-instruct,FINAL.K1-w1,10,10,25,22,36,10,16,0,1,0,3,0
llama-3.1-8b-instruct,FINAL.K1-w2,10,10,25,14,42,10,15,0,1,0,6,0
llama-3.1-8b-instruct,FINAL.G0,10,10,24,17,56,0,2,0,0,0,2,0
llama-3.1-8b-instruct,FINAL.G1,10,10,24,5,53,0,0,0,2,0,11,0
llama-3.1-8b-instruct,FINAL.G2,10,10,42,19,34,0,0,0,1,0,3,0
llama-3.1-8b-instruct,FINAL.G3,10,10,16,17,67,0,0,0,0,0,0,0
llama-3.1-8b-instruct,FINAL.G1-n1,10,10,25,12,59,0,1,0,0,0,2,0
qwen2.5-7b-instruct,FINAL.K0,10,10,1,33,12,0,26,0,2,0,19,0
qwen2.5-7b-instruct,FINAL.K1,10,10,3,27,18,10,29,0,0,0,15,0
qwen2.5-7b-instruct,FINAL.K2,10,10,1,30,16,0,18,0,0,0,21,0
qwen2.5-7b-instruct,FINAL.K3,10,10,0,30,22,10,22,0,0,0,18,0
qwen2.5-7b-instruct,FINAL.K4,10,10,3,23,17,0,22,0,0,0,17,0
qwen2.5-7b-instruct,FINAL.K3-n2,10,10,0,33,15,20,25,0,0,0,20,0
qwen2.5-7b-instruct,FINAL.K3-n3,10,10,1,28,12,30,23,0,0,0,19,0
qwen2.5-7b-instruct,FINAL.K1-w1,10,10,3,24,13,10,19,0,0,0,22,0
qwen2.5-7b-instruct,FINAL.K1-w2,10,10,0,20,24,10,13,0,0,0,24,0
qwen2.5-7b-instruct,FINAL.G0,10,10,41,27,0,0,0,0,0,0,21,0
qwen2.5-7b-instruct,FINAL.G1,10,10,41,36,0,0,0,0,0,0,23,0
qwen2.5-7b-instruct,FINAL.G2,10,10,45,38,0,0,0,0,0,0,22,0
qwen2.5-7b-instruct,FINAL.G3,10,10,43,33,0,0,0,0,0,0,20,0
qwen2.5-7b-instruct,FINAL.G1-n1,10,10,44,28,0,0,0,0,0,0,21,0
qwen3-8b,FINAL.K0,10,2,0,14,0,0,4,0,5,0,4,0
qwen3-8b,FINAL.K1,10,2,2,10,4,21,3,0,6,0,2,0
qwen3-8b,FINAL.K2,10,1,0,12,7,0,0,0,6,0,0,0
qwen3-8b,FINAL.K3,10,1,0,18,13,1,2,0,6,0,2,0
qwen3-8b,FINAL.K4,10,1,0,12,7,0,4,0,6,0,3,0
qwen3-8b,FINAL.K3-n2,10,1,0,11,15,3,3,0,8,0,1,0
qwen3-8b,FINAL.K3-n3,10,1,0,18,6,2,6,0,9,0,4,0
qwen3-8b,FINAL.K1-w1,10,4,0,23,15,30,4,0,8,0,7,0
qwen3-8b,FINAL.K1-w2,10,4,0,16,11,23,2,0,12,0,2,0
qwen3-8b,FINAL.G0,10,9,0,5,15,0,0,0,6,0,4,0
qwen3-8b,FINAL.G1,10,10,1,9,63,0,0,0,9,0,6,0
qwen3-8b,FINAL.G2,10,9,0,4,74,1,0,0,1,0,1,0
qwen3-8b,FINAL.G3,10,10,1,3,76,0,0,0,1,0,7,0
qwen3-8b,FINAL.G1-n1,10,10,1,5,61,0,0,0,2,0,5,0
qwen3-vl-8b-thinking,FINAL.K0,10,0,0,4,0,0,1,0,5,0,0,0
qwen3-vl-8b-thinking,FINAL.K1,10,1,1,5,5,16,0,0,7,0,1,0
qwen3-vl-8b-thinking,FINAL.K2,10,1,0,11,0,0,0,0,5,0,1,0
qwen3-vl-8b-thinking,FINAL.K3,10,0,0,8,2,1,2,0,5,0,0,0
qwen3-vl-8b-thinking,FINAL.K4,10,0,0,4,2,0,0,0,5,0,0,0
qwen3-vl-8b-thinking,FINAL.K3-n2,10,1,0,7,1,3,2,0,4,0,0,0
qwen3-vl-8b-thinking,FINAL.K3-n3,10,0,0,10,0,4,0,0,8,0,1,0
qwen3-vl-8b-thinking,FINAL.K1-w1,10,1,1,8,10,20,2,0,14,0,2,0
qwen3-vl-8b-thinking,FINAL.K1-w2,10,1,0,7,7,16,1,0,9,0,0,0
qwen3-vl-8b-thinking,FINAL.G0,10,7,1,1,1,0,0,0,1,0,0,0
qwen3-vl-8b-thinking,FINAL.G1,10,6,1,6,8,3,0,0,8,0,0,0
qwen3-vl-8b-thinking,FINAL.G2,10,9,1,0,17,4,0,0,6,0,0,0
qwen3-vl-8b-thinking,FINAL.G3,10,9,0,20,16,0,1,0,11,0,1,0
qwen3-vl-8b-thinking,FINAL.G1-n1,10,8,3,4,6,1,0,0,3,0,0,0
r1-distill-llama-8b,FINAL.K0,10,10,106,0,0,0,0,0,0,0,4,0
r1-distill-llama-8b,FINAL.K1,10,10,106,0,0,10,0,0,0,0,2,0
r1-distill-llama-8b,FINAL.K2,10,10,110,0,0,0,0,0,0,0,0,0
r1-distill-llama-8b,FINAL.K3,10,10,110,0,0,10,0,0,0,0,0,0
r1-distill-llama-8b,FINAL.K4,10,10,110,0,0,0,0,0,0,0,0,0
r1-distill-llama-8b,FINAL.K3-n2,10,10,109,0,0,20,0,0,0,0,1,0
r1-distill-llama-8b,FINAL.K3-n3,10,10,108,0,0,30,0,0,0,0,2,0
r1-distill-llama-8b,FINAL.K1-w1,10,10,108,0,0,10,0,0,0,0,2,0
r1-distill-llama-8b,FINAL.K1-w2,10,10,108,0,0,10,0,0,0,0,2,0
r1-distill-llama-8b,FINAL.G0,10,10,109,0,0,0,0,0,0,0,1,0
r1-distill-llama-8b,FINAL.G1,10,10,108,0,0,0,0,0,0,0,2,0
r1-distill-llama-8b,FINAL.G2,10,10,110,0,0,0,0,0,0,0,0,0
r1-distill-llama-8b,FINAL.G3,10,10,110,0,0,0,0,0,0,0,0,0
r1-distill-llama-8b,FINAL.G1-n1,10,10,110,0,0,0,0,0,0,0,0,0
r1-distill-qwen-7b,FINAL.K0,10,10,35,7,8,0,41,0,1,0,2,0
r1-distill-qwen-7b,FINAL.K1,10,10,24,13,0,10,47,0,0,0,0,0
r1-distill-qwen-7b,FINAL.K2,10,10,34,14,1,0,44,0,0,0,1,0
r1-distill-qwen-7b,FINAL.K3,10,10,40,15,0,10,36,0,1,0,0,0
r1-distill-qwen-7b,FINAL.K4,10,10,30,15,0,0,36,0,0,0,0,0
r1-distill-qwen-7b,FINAL.K3-n2,10,10,30,16,4,20,44,0,1,0,1,0
r1-distill-qwen-7b,FINAL.K3-n3,10,10,28,19,0,30,47,0,0,0,0,0
r1-distill-qwen-7b,FINAL.K1-w1,10,10,25,18,1,10,42,0,1,0,0,0
r1-distill-qwen-7b,FINAL.K1-w2,10,10,24,14,1,10,28,0,0,0,0,0
r1-distill-qwen-7b,FINAL.G0,10,10,34,24,23,0,0,0,2,0,1,0
r1-distill-qwen-7b,FINAL.G1,10,10,53,32,14,0,0,0,1,0,1,0
r1-distill-qwen-7b,FINAL.G2,10,10,50,38,10,0,0,0,0,0,0,0
r1-distill-qwen-7b,FINAL.G3,10,10,24,23,47,0,1,0,0,0,2,0
r1-distill-qwen-7b,FINAL.G1-n1,10,10,26,45,23,0,1,0,0,0,1,0
