condition,variant,trials,infrastructure_trials,success_pct,plan_format_error_pct,plan_rule_error_pct,corrective_sub_plan_error_pct,insertion_error_pct,task_plan_error_pct,motion_grasp_error_pct,merge_conflict_pct,replan_budget_exhausted_pct,trigger_accuracy_pct,first_proposal_urgency_accuracy_pct
gt_oracle mem=false trig=discovery out=full_replan ins=planner par=false,ALL,200,0,100.0,0.0,0.0,0.0,0.0,0.0,0.0,0.0,0.0,92.9,
gt_oracle mem=false trig=if_rule out=corrective ins=always_end par=false,ALL,6,0,33.3,0.0,0.0,0.0,66.7,0.0,0.0,0.0,0.0,100.0,100.0
gt_oracle mem=false trig=if_rule out=corrective ins=always_front par=false,ALL,6,0,66.7,0.0,0.0,0.0,33.3,0.0,0.0,0.0,0.0,100.0,100.0
gt_oracle mem=false trig=if_rule out=corrective ins=planner par=false,ALL,56,0,100.0,0.0,0.0,0.0,0.0,0.0,0.0,0.0,0.0,100.0,100.0
gt_oracle mem=false trig=if_rule out=corrective ins=planner par=true,ALL,28,0,100.0,0.0,0.0,0.0,0.0,0.0,0.0,0.0,0.0,100.0,100.0
gt_oracle mem=false trig=if_rule out=full_replan ins=planner par=false,ALL,28,0,100.0,0.0,0.0,0.0,0.0,0.0,0.0,0.0,0.0,100.0,
gt_oracle mem=false trig=discovery out=full_replan ins=planner par=false,FINAL.G0,10,0,100.0,0.0,0.0,0.0,0.0,0.0,0.0,0.0,0.0,100.0,
gt_oracle mem=false trig=discovery out=full_replan ins=planner par=false,FINAL.G1,10,0,100.0,0.0,0.0,0.0,0.0,0.0,0.0,0.0,0.0,100.0,
gt_oracle mem=false trig=discovery out=full_replan ins=planner par=false,FINAL.G1-n1,10,0,100.0,0.0,0.0,0.0,0.0,0.0,0.0,0.0,0.0,100.0,
gt_oracle mem=false trig=discovery out=full_replan ins=planner par=false,FINAL.G2,10,0,100.0,0.0,0.0,0.0,0.0,0.0,0.0,0.0,0.0,100.0,
gt_oracle mem=false trig=discovery out=full_replan ins=planner par=false,FINAL.G3,10,0,100.0,0.0,0.0,0.0,0.0,0.0,0.0,0.0,0.0,100.0,
gt_oracle mem=false trig=discovery out=full_replan ins=planner par=false,FINAL.K0,10,0,100.0,0.0,0.0,0.0,0.0,0.0,0.0,0.0,0.0,100.0,
gt_oracle mem=false trig=discovery out=full_replan ins=planner par=false,FINAL.K1,10,0,100.0,0.0,0.0,0.0,0.0,0.0,0.0,0.0,0.0,100.0,
gt_oracle mem=false trig=discovery out=full_replan ins=planner par=false,FINAL.K1-w1,10,0,100.0,0.0,0.0,0.0,0.0,0.0,0.0,0.0,0.0,100.0,
gt_oracle mem=false trig=discovery out=full_replan ins=planner par=false,FINAL.K1-w2,10,0,100.0,0.0,0.0,0.0,0.0,0.0,0.0,0.0,0.0,100.0,
gt_oracle mem=false trig=discovery out=full_replan ins=planner par=false,FINAL.K2,10,0,100.0,0.0,0.0,0.0,0.0,0.0,0.0,0.0,0.0,0.0,
gt_oracle mem=false trig=discovery out=full_replan ins=planner par=false,FINAL.K3,10,0,100.0,0.0,0.0,0.0,0.0,0.0,0.0,0.0,0.0,100.0,
gt_oracle mem=false trig=discovery out=full_replan ins=planner par=false,FINAL.K3-n2,10,0,100.0,0.0,0.0,0.0,0.0,0.0,0.0,0.0,0.0,100.0,
gt_oracle mem=false trig=discovery out=full_replan ins=planner par=false,FINAL.K3-n3,10,0,100.0,0.0,0.0,0.0,0.0,0.0,0.0,0.0,0.0,100.0,
gt_oracle mem=false trig=discovery out=full_replan ins=planner par=false,FINAL.K4,10,0,100.0,0.0,0.0,0.0,0.0,0.0,0.0,0.0,0.0,100.0,
gt_oracle mem=false trig=discovery out=full_replan ins=planner par=false,G1,10,0,100.0,0.0,0.0,0.0,0.0,0.0,0.0,0.0,0.0,,
gt_oracle mem=false trig=discovery out=full_replan ins=planner par=false,G2,10,0,100.0,0.0,0.0,0.0,0.0,0.0,0.0,0.0,0.0,,
gt_oracle mem=false trig=discovery out=full_replan ins=planner par=false,G3,10,0,100.0,0.0,0.0,0.0,0.0,0.0,0.0,0.0,0.0,,
gt_oracle mem=false trig=discovery out=full_replan ins=planner par=false,K1,10,0,100.0,0.0,0.0,0.0,0.0,0.0,0.0,0.0,0.0,,
gt_oracle mem=false trig=discovery out=full_replan ins=planner par=false,K2,10,0,100.0,0.0,0.0,0.0,0.0,0.0,0.0,0.0,0.0,,
gt_oracle mem=false trig=discovery out=full_replan ins=planner par=false,K3,10,0,100.0,0.0,0.0,0.0,0.0,0.0,0.0,0.0,0.0,,
gt_oracle mem=false trig=if_rule out=corrective ins=always_end par=false,FINAL.G1,1,0,0.0,0.0,0.0,0.0,100.0,0.0,0.0,0.0,0.0,100.0,100.0
gt_oracle mem=false trig=if_rule out=corrective ins=always_end par=false,FINAL.G2,1,0,0.0,0.0,0.0,0.0,100.0,0.0,0.0,0.0,0.0,100.0,100.0
gt_oracle mem=false trig=if_rule out=corrective ins=always_end par=false,FINAL.G3,1,0,100.0,0.0,0.0,0.0,0.0,0.0,0.0,0.0,0.0,100.0,100.0
gt_oracle mem=false trig=if_rule out=corrective ins=always_end par=false,FINAL.K1,1,0,0.0,0.0,0.0,0.0,100.0,0.0,0.0,0.0,0.0,100.0,100.0
gt_oracle mem=false trig=if_rule out=corrective ins=always_end par=false,FINAL.K3,1,0,0.0,0.0,0.0,0.0,100.0,0.0,0.0,0.0,0.0,100.0,100.0
gt_oracle mem=false trig=if_rule out=corrective ins=always_end par=false,FINAL.K4,1,0,100.0,0.0,0.0,0.0,0.0,0.0,0.0,0.0,0.0,100.0,100.0
gt_oracle mem=false trig=if_rule out=corrective ins=always_front par=false,FINAL.G1,1,0,100.0,0.0,0.0,0.0,0.0,0.0,0.0,0.0,0.0,100.0,100.0
gt_oracle mem=false trig=if_rule out=corrective ins=always_front par=false,FINAL.G2,1,0,0.0,0.0,0.0,0.0,100.0,0.0,0.0,0.0,0.0,100.0,100.0
gt_oracle mem=false trig=if_rule out=corrective ins=always_front par=false,FINAL.G3,1,0,0.0,0.0,0.0,0.0,100.0,0.0,0.0,0.0,0.0,100.0,100.0
gt_oracle mem=false trig=if_rule out=corrective ins=always_front par=false,FINAL.K1,1,0,100.0,0.0,0.0,0.0,0.0,0.0,0.0,0.0,0.0,100.0,100.0
gt_oracle mem=false trig=if_rule out=corrective ins=always_front par=false,FINAL.K3,1,0,100.0,0.0,0.0,0.0,0.0,0.0,0.0,0.0,0.0,100.0,100.0
gt_oracle mem=false trig=if_rule out=corrective ins=always_front par=false,FINAL.K4,1,0,100.0,0.0,0.0,0.0,0.0,0.0,0.0,0.0,0.0,100.0,100.0
gt_oracle mem=false trig=if_rule out=corrective ins=planner par=false,FINAL.G0,4,0,100.0,0.0,0.0,0.0,0.0,0.0,0.0,0.0,0.0,100.0,
gt_oracle mem=false trig=if_rule out=corrective ins=planner par=false,FINAL.G1,4,0,100.0,0.0,0.0,0.0,0.0,0.0,0.0,0.0,0.0,100.0,100.0
gt_oracle mem=false trig=if_rule out=corrective ins=planner par=false,FINAL.G1-n1,4,0,100.0,0.0,0.0,0.0,0.0,0.0,0.0,0.0,0.0,100.0,100.0
gt_oracle mem=false trig=if_rule out=corrective ins=planner par=false,FINAL.G2,4,0,100.0,0.0,0.0,0.0,0.0,0.0,0.0,0.0,0.0,100.0,100.0
gt_oracle mem=false trig=if_rule out=corrective ins=planner par=false,FINAL.G3,4,0,100.0,0.0,0.0,0.0,0.0,0.0,0.0,0.0,0.0,100.0,100.0
gt_oracle mem=false trig=if_rule out=corrective ins=planner par=false,FINAL.K0,4,0,100.0,0.0,0.0,0.0,0.0,0.0,0.0,0.0,0.0,100.0,
gt_oracle mem=false trig=if_rule out=corrective ins=planner par=false,FINAL.K1,4,0,100.0,0.0,0.0,0.0,0.0,0.0,0.0,0.0,0.0,100.0,100.0
gt_oracle mem=false trig=if_rule out=corrective ins=planner par=false,FINAL.K1-w1,4,0,100.0,0.0,0.0,0.0,0.0,0.0,0.0,0.0,0.0,100.0,100.0
gt_oracle mem=false trig=if_rule out=corrective ins=planner par=false,FINAL.K1-w2,4,0,100.0,0.0,0.0,0.0,0.0,0.0,0.0,0.0,0.0,100.0,100.0
gt_oracle mem=false trig=if_rule out=corrective ins=planner par=false,FINAL.K2,4,0,100.0,0.0,0.0,0.0,0.0,0.0,0.0,0.0,0.0,100.0,
gt_oracle mem=false trig=if_rule out=corrective ins=planner par=false,FINAL.K3,4,0,100.0,0.0,0.0,0.0,0.0,0.0,0.0,0.0,0.0,100.0,100.0
gt_oracle mem=false trig=if_rule out=corrective ins=planner par=false,FINAL.K3-n2,4,0,100.0,0.0,0.0,0.0,0.0,0.0,0.0,0.0,0.0,100.0,100.0
gt_oracle mem=false trig=if_rule out=corrective ins=planner par=false,FINAL.K3-n3,4,0,100.0,0.0,0.0,0.0,0.0,0.0,0.0,0.0,0.0,100.0,100.0
gt_oracle mem=false trig=if_rule out=corrective ins=planner par=false,FINAL.K4,4,0,100.0,0.0,0.0,0.0,0.0,0.0,0.0,0.0,0.0,100.0,100.0
gt_oracle mem=false trig=if_rule out=corrective ins=planner par=true,FINAL.G0,2,0,100.0,0.0,0.0,0.0,0.0,0.0,0.0,0.0,0.0,100.0,
gt_oracle mem=false trig=if_rule out=corrective ins=planner par=true,FINAL.G1,2,0,100.0,0.0,0.0,0.0,0.0,0.0,0.0,0.0,0.0,100.0,100.0
gt_oracle mem=false trig=if_rule out=corrective ins=planner par=true,FINAL.G1-n1,2,0,100.0,0.0,0.0,0.0,0.0,0.0,0.0,0.0,0.0,100.0,100.0
gt_oracle mem=false trig=if_rule out=corrective ins=planner par=true,FINAL.G2,2,0,100.0,0.0,0.0,0.0,0.0,0.0,0.0,0.0,0.0,100.0,100.0
gt_oracle mem=false trig=if_rule out=corrective ins=planner par=true,FINAL.G3,2,0,100.0,0.0,0.0,0.0,0.0,0.0,0.0,0.0,0.0,100.0,100.0
gt_oracle mem=false trig=if_rule out=corrective ins=planner par=true,FINAL.K0,2,0,100.0,0.0,0.0,0.0,0.0,0.0,0.0,0.0,0.0,100.0,
gt_oracle mem=false trig=if_rule out=corrective ins=planner par=true,FINAL.K1,2,0,100.0,0.0,0.0,0.0,0.0,0.0,0.0,0.0,0.0,100.0,100.0
gt_oracle mem=false trig=if_rule out=corrective ins=planner par=true,FINAL.K1-w1,2,0,100.0,0.0,0.0,0.0,0.0,0.0,0.0,0.0,0.0,100.0,100.0
gt_oracle mem=false trig=if_rule out=corrective ins=planner par=true,FINAL.K1-w2,2,0,100.0,0.0,0.0,0.0,0.0,0.0,0.0,0.0,0.0,100.0,100.0
gt_oracle mem=false trig=if_rule out=corrective ins=planner par=true,FINAL.K2,2,0,100.0,0.0,0.0,0.0,0.0,0.0,0.0,0.0,0.0,100.0,
gt_oracle mem=false trig=if_rule out=corrective ins=planner par=true,FINAL.K3,2,0,100.0,0.0,0.0,0.0,0.0,0.0,0.0,0.0,0.0,100.0,100.0
gt_oracle mem=false trig=if_rule out=corrective ins=planner par=true,FINAL.K3-n2,2,0,100.0,0.0,0.0,0.0,0.0,0.0,0.0,0.0,0.0,100.0,100.0
gt_oracle mem=false trig=if_rule out=corrective ins=planner par=true,FINAL.K3-n3,2,0,100.0,0.0,0.0,0.0,0.0,0.0,0.0,0.0,0.0,100.0,100.0
gt_oracle mem=false trig=if_rule out=corrective ins=planner par=true,FINAL.K4,2,0,100.0,0.0,0.0,0.0,0.0,0.0,0.0,0.0,0.0,100.0,100.0
gt_oracle mem=false trig=if_rule out=full_replan ins=planner par=false,FINAL.G0,2,0,100.0,0.0,0.0,0.0,0.0,0.0,0.0,0.0,0.0,100.0,
gt_oracle mem=false trig=if_rule out=full_replan ins=planner par=false,FINAL.G1,2,0,100.0,0.0,0.0,0.0,0.0,0.0,0.0,0.0,0.0,100.0,
gt_oracle mem=false trig=if_rule out=full_replan ins=planner par=false,FINAL.G1-n1,2,0,100.0,0.0,0.0,0.0,0.0,0.0,0.0,0.0,0.0,100.0,
gt_oracle mem=false trig=if_rule out=full_replan ins=planner par=false,FINAL.G2,2,0,100.0,0.0,0.0,0.0,0.0,0.0,0.0,0.0,0.0,100.0,
gt_oracle mem=false trig=if_rule out=full_replan ins=planner par=false,FINAL.G3,2,0,100.0,0.0,0.0,0.0,0.0,0.0,0.0,0.0,0.0,100.0,
gt_oracle mem=false trig=if_rule out=full_replan ins=planner par=false,FINAL.K0,2,0,100.0,0.0,0.0,0.0,0.0,0.0,0.0,0.0,0.0,100.0,
gt_oracle mem=false trig=if_rule out=full_replan ins=planner par=false,FINAL.K1,2,0,100.0,0.0,0.0,0.0,0.0,0.0,0.0,0.0,0.0,100.0,
gt_oracle mem=false trig=if_rule out=full_replan ins=planner par=false,FINAL.K1-w1,2,0,100.0,0.0,0.0,0.0,0.0,0.0,0.0,0.0,0.0,100.0,
gt_oracle mem=false trig=if_rule out=full_replan ins=planner par=false,FINAL.K1-w2,2,0,100.0,0.0,0.0,0.0,0.0,0.0,0.0,0.0,0.0,100.0,
gt_oracle mem=false trig=if_rule out=full_replan ins=planner par=false,FINAL.K2,2,0,100.0,0.0,0.0,0.0,0.0,0.0,0.0,0.0,0.0,100.0,
gt_oracle mem=false trig=if_rule out=full_replan ins=planner par=false,FINAL.K3,2,0,100.0,0.0,0.0,0.0,0.0,0.0,0.0,0.0,0.0,100.0,
gt_oracle mem=false trig=if_rule out=full_replan ins=planner par=false,FINAL.K3-n2,2,0,100.0,0.0,0.0,0.0,0.0,0.0,0.0,0.0,0.0,100.0,
gt_oracle mem=false trig=if_rule out=full_replan ins=planner par=false,FINAL.K3-n3,2,0,100.0,0.0,0.0,0.0,0.0,0.0,0.0,0.0,0.0,100.0,
gt_oracle mem=false trig=if_rule out=full_replan ins=planner par=false,FINAL.K4,2,0,100.0,0.0,0.0,0.0,0.0,0.0,0.0,0.0,0.0,100.0,
