model,variant,seed_index,termination,decisive_cause,planner_calls,missing_conditions,failure_codes
fixed_end,FINAL.K1,0,replan_budget_exhausted,budget <- Insertion: insertion_too_late,11,"mug1 is in pantry_area, expected inside_box | mug2 is in pantry_area, expected inside_box | mug3 is in cupboard_shelf, expected inside_box | spam is in pantry_area, expected cupboard_shelf | sugar is in pantry_area, expected cupboard_shelf | phone is in the inside_box placement area | HC-box violated: phone never cleared from the box placement area",insertion_too_late:6 invalid_corrective_block:2 hc_violation:1 placement_failed:1 repeated_planner_output:1
fixed_end,FINAL.K1,1,replan_budget_exhausted,budget <- Insertion: insertion_too_late,11,"mug1 is in pantry_area, expected inside_box | mug2 is in pantry_area, expected inside_box | mug3 is in cupboard_shelf, expected inside_box | spam is in pantry_area, expected cupboard_shelf | sugar is in pantry_area, expected cupboard_shelf | phone is in the inside_box placement area | HC-box violated: phone never cleared from the box placement area",insertion_too_late:8 hc_violation:1 placement_failed:1 orphan_place:1
fixed_end,FINAL.K1,2,replan_budget_exhausted,budget <- Insertion: insertion_too_late,11,"mug1 is in pantry_area, expected inside_box | mug2 is in pantry_area, expected inside_box | mug3 is in cupboard_shelf, expected inside_box | spam is in pantry_area, expected cupboard_shelf | sugar is in pantry_area, expected cupboard_shelf | phone is in the inside_box placement area | HC-box violated: phone never cleared from the box placement area",insertion_too_late:9 hc_violation:1 placement_failed:1
fixed_end,FINAL.K1,3,replan_budget_exhausted,budget <- Insertion: insertion_too_late,11,"mug1 is in pantry_area, expected inside_box | mug2 is in cupboard_shelf, expected inside_box | mug3 is in cupboard_shelf, expected inside_box | spam is in pantry_area, expected cupboard_shelf | sugar is in pantry_area, expected cupboard_shelf | phone is in the inside_box placement area | HC-box violated: phone never cleared from the box placement area",insertion_too_late:10 hc_violation:1
fixed_end,FINAL.K1,4,replan_budget_exhausted,budget <- Insertion: insertion_too_late,11,"mug1 is in pantry_area, expected inside_box | mug2 is in pantry_area, expected inside_box | mug3 is in cupboard_shelf, expected inside_box | spam is in pantry_area, expected cupboard_shelf | sugar is in pantry_area, expected cupboard_shelf | phone is in the inside_box placement area | HC-box violated: phone never cleared from the box placement area",insertion_too_late:5 invalid_corrective_block:3 hc_violation:1 placement_failed:1 orphan_place:1
fixed_end,FINAL.K1,5,replan_budget_exhausted,budget <- Insertion: insertion_too_late,11,"mug1 is in pantry_area, expected inside_box | mug2 is in pantry_area, expected inside_box | mug3 is in cupboard_shelf, expected inside_box | spam is in pantry_area, expected cupboard_shelf | sugar is in pantry_area, expected cupboard_shelf | phone is in the inside_box placement area | HC-box violated: phone never cleared from the box placement area",insertion_too_late:8 invalid_corrective_block:2 hc_violation:1
fixed_end,FINAL.K1,6,replan_budget_exhausted,budget <- Insertion: insertion_too_late,11,"mug1 is in pantry_area, expected inside_box | mug2 is in pantry_area, expected inside_box | mug3 is in cupboard_shelf, expected inside_box | spam is in pantry_area, expected cupboard_shelf | sugar is in pantry_area, expected cupboard_shelf | phone is in the inside_box placement area | HC-box violated: phone never cleared from the box placement area",insertion_too_late:9 hc_violation:1 orphan_place:1
fixed_end,FINAL.K1,7,replan_budget_exhausted,budget <- Insertion: insertion_too_late,11,"mug1 is in pantry_area, expected inside_box | mug2 is in pantry_area, expected inside_box | mug3 is in cupboard_shelf, expected inside_box | spam is in pantry_area, expected cupboard_shelf | sugar is in pantry_area, expected cupboard_shelf | phone is in the inside_box placement area | HC-box violated: phone never cleared from the box placement area",insertion_too_late:8 hc_violation:1 box_lid_closed:1 invalid_corrective_block:1
fixed_end,FINAL.K1,8,replan_budget_exhausted,budget <- Insertion: insertion_too_late,11,"mug1 is in pantry_area, expected inside_box | mug2 is in pantry_area, expected inside_box | mug3 is in cupboard_shelf, expected inside_box | spam is in pantry_area, expected cupboard_shelf | sugar is in pantry_area, expected cupboard_shelf | phone is in the inside_box placement area | HC-box violated: phone never cleared from the box placement area",insertion_too_late:9 hc_violation:1 repeated_planner_output:1
fixed_end,FINAL.K1,9,replan_budget_exhausted,budget <- Insertion: insertion_too_late,11,"mug1 is in pantry_area, expected inside_box | mug2 is in pantry_area, expected inside_box | mug3 is in cupboard_shelf, expected inside_box | spam is in pantry_area, expected cupboard_shelf | sugar is in pantry_area, expected cupboard_shelf | phone is in the inside_box placement area | HC-box violated: phone never cleared from the box placement area",insertion_too_late:6 invalid_corrective_block:2 hc_violation:1 placement_failed:1 orphan_place:1
fixed_end,FINAL.K3,0,replan_budget_exhausted,budget <- Insertion: insertion_too_late,11,"can_of_beans is in inside_box, expected cupboard_shelf | mug1 is in pantry_area, expected inside_box | mug2 is in pantry_area, expected inside_box | mug3 is in cupboard_shelf, expected inside_box | spam is in pantry_area, expected cupboard_shelf | sugar is in pantry_area, expected cupboard_shelf | HC-box violated: can_of_beans never cleared from the box placement area",insertion_too_late:7 hc_violation:1 missing_post_pick_place:1 placement_failed:1 orphan_place:1
fixed_end,FINAL.K3,1,replan_budget_exhausted,budget <- Insertion: insertion_too_late,11,"can_of_beans is in inside_box, expected cupboard_shelf | mug1 is in pantry_area, expected inside_box | mug2 is in pantry_area, expected inside_box | mug3 is in cupboard_shelf, expected inside_box | spam is in pantry_area, expected cupboard_shelf | sugar is in pantry_area, expected cupboard_shelf | HC-box violated: can_of_beans never cleared from the box placement area",insertion_too_late:8 hc_violation:1 placement_failed:1 orphan_place:1
fixed_end,FINAL.K3,2,replan_budget_exhausted,budget <- Insertion: insertion_too_late,11,"can_of_beans is in inside_box, expected cupboard_shelf | mug1 is in pantry_area, expected inside_box | mug2 is in pantry_area, expected inside_box | mug3 is in cupboard_shelf, expected inside_box | spam is in pantry_area, expected cupboard_shelf | sugar is in pantry_area, expected cupboard_shelf | HC-box violated: can_of_beans never cleared from the box placement area",insertion_too_late:6 orphan_place:3 hc_violation:1 placement_failed:1
fixed_end,FINAL.K3,3,replan_budget_exhausted,budget <- Insertion: insertion_too_late,11,"can_of_beans is in inside_box, expected cupboard_shelf | mug1 is in pantry_area, expected inside_box | mug2 is in pantry_area, expected inside_box | mug3 is in cupboard_shelf, expected inside_box | spam is in pantry_area, expected cupboard_shelf | sugar is in pantry_area, expected cupboard_shelf | HC-box violated: can_of_beans never cleared from the box placement area",insertion_too_late:8 hc_violation:1 placement_failed:1 invalid_corrective_block:1
fixed_end,FINAL.K3,5,replan_budget_exhausted,budget <- Insertion: insertion_too_late,11,"can_of_beans is in inside_box, expected cupboard_shelf | mug1 is in pantry_area, expected inside_box | mug2 is in pantry_area, expected inside_box | mug3 is in cupboard_shelf, expected inside_box | spam is in pantry_area, expected cupboard_shelf | sugar is in pantry_area, expected cupboard_shelf | HC-box violated: can_of_beans never cleared from the box placement area",insertion_too_late:9 hc_violation:1 missing_post_pick_place:1
fixed_end,FINAL.K3,6,replan_budget_exhausted,budget <- Insertion: insertion_too_late,11,"can_of_beans is in inside_box, expected cupboard_shelf | mug1 is in pantry_area, expected inside_box | mug2 is in pantry_area, expected inside_box | mug3 is in cupboard_shelf, expected inside_box | spam is in pantry_area, expected cupboard_shelf | sugar is in pantry_area, expected cupboard_shelf | HC-box violated: can_of_beans never cleared from the box placement area",insertion_too_late:10 hc_violation:1
fixed_end,FINAL.K3,7,replan_budget_exhausted,budget <- Insertion: insertion_too_late,11,"can_of_beans is in inside_box, expected cupboard_shelf | mug1 is in pantry_area, expected inside_box | mug2 is in pantry_area, expected inside_box | mug3 is in cupboard_shelf, expected inside_box | spam is in pantry_area, expected cupboard_shelf | sugar is in pantry_area, expected cupboard_shelf | HC-box violated: can_of_beans never cleared from the box placement area",insertion_too_late:9 hc_violation:1 invalid_corrective_block:1
fixed_end,FINAL.K3,8,replan_budget_exhausted,budget <- Insertion: insertion_too_late,11,"can_of_beans is in inside_box, expected cupboard_shelf | mug1 is in pantry_area, expected inside_box | mug2 is in pantry_area, expected inside_box | mug3 is in cupboard_shelf, expected inside_box | spam is in pantry_area, expected cupboard_shelf | sugar is in pantry_area, expected cupboard_shelf | HC-box violated: can_of_beans never cleared from the box placement area",insertion_too_late:9 hc_violation:1 repeated_planner_output:1
fixed_end,FINAL.K3,9,replan_budget_exhausted,budget <- Insertion: insertion_too_late,11,"can_of_beans is in inside_box, expected cupboard_shelf | mug1 is in pantry_area, expected inside_box | mug2 is in pantry_area, expected inside_box | mug3 is in cupboard_shelf, expected inside_box | spam is in pantry_area, expected cupboard_shelf | sugar is in pantry_area, expected cupboard_shelf | HC-box violated: can_of_beans never cleared from the box placement area",insertion_too_late:5 box_lid_obstructed:2 missing_post_pick_place:2 hc_violation:1 placement_failed:1
fixed_end,FINAL.G1,1,plan_completed,Insertion,10,cooked_meat_1 overcooked: inside the grill during a close->reopen cycle after it was cooked | cooked_meat_2 overcooked: inside the grill during a close->reopen cycle after it was cooked | raw_meat_1 overcooked: inside the grill during a close->reopen cycle after it was cooked | HC-grill violated: cooked_meat_1 inside the grill at close(grill_lid) after it was cooked | HC-grill violated: cooked_meat_2 inside the grill at close(grill_lid) after it was cooked,hc_violation:2 invalid_corrective_block:2 orphan_place:2 placement_failed:1
fixed_end,FINAL.G1,2,replan_budget_exhausted,budget <- Plan rules: orphan_place,11,"raw_meat_1 is in inside_grill, expected plate_top | cooked_meat_1 overcooked: inside the grill during a close->reopen cycle after it was cooked | cooked_meat_2 overcooked: inside the grill during a close->reopen cycle after it was cooked | HC-grill violated: cooked_meat_1 inside the grill at close(grill_lid) after it was cooked | HC-grill violated: cooked_meat_2 inside the grill at close(grill_lid) after it was cooked",orphan_place:4 hc_violation:2 placement_failed:2 invalid_corrective_block:2
fixed_end,FINAL.G1,3,plan_completed,Insertion,7,cooked_meat_1 overcooked: inside the grill during a close->reopen cycle after it was cooked | cooked_meat_2 overcooked: inside the grill during a close->reopen cycle after it was cooked | raw_meat_1 overcooked: inside the grill during a close->reopen cycle after it was cooked | HC-grill violated: cooked_meat_1 inside the grill at close(grill_lid) after it was cooked | HC-grill violated: cooked_meat_2 inside the grill at close(grill_lid) after it was cooked,placement_failed:3 hc_violation:2 orphan_place:2
fixed_end,FINAL.G1,4,plan_completed,Insertion,9,cooked_meat_1 overcooked: inside the grill during a close->reopen cycle after it was cooked | cooked_meat_2 overcooked: inside the grill during a close->reopen cycle after it was cooked | raw_meat_1 overcooked: inside the grill during a close->reopen cycle after it was cooked | HC-grill violated: cooked_meat_1 inside the grill at close(grill_lid) after it was cooked | HC-grill violated: cooked_meat_2 inside the grill at close(grill_lid) after it was cooked,hc_violation:2 orphan_place:2 pick_place_mismatch:1 missing_post_pick_place:1 placement_failed:1 invalid_corrective_block:1
fixed_end,FINAL.G1,5,plan_completed,Insertion,2,cooked_meat_1 overcooked: inside the grill during a close->reopen cycle after it was cooked | cooked_meat_2 overcooked: inside the grill during a close->reopen cycle after it was cooked | HC-grill violated: cooked_meat_1 inside the grill at close(grill_lid) after it was cooked | HC-grill violated: cooked_meat_2 inside the grill at close(grill_lid) after it was cooked,hc_violation:2
fixed_end,FINAL.G1,6,plan_completed,Insertion,2,cooked_meat_1 overcooked: inside the grill during a close->reopen cycle after it was cooked | cooked_meat_2 overcooked: inside the grill during a close->reopen cycle after it was cooked | HC-grill violated: cooked_meat_1 inside the grill at close(grill_lid) after it was cooked | HC-grill violated: cooked_meat_2 inside the grill at close(grill_lid) after it was cooked,hc_violation:2
fixed_end,FINAL.G1,7,plan_completed,Insertion,2,cooked_meat_1 overcooked: inside the grill during a close->reopen cycle after it was cooked | cooked_meat_2 overcooked: inside the grill during a close->reopen cycle after it was cooked | HC-grill violated: cooked_meat_1 inside the grill at close(grill_lid) after it was cooked | HC-grill violated: cooked_meat_2 inside the grill at close(grill_lid) after it was cooked,hc_violation:2
fixed_end,FINAL.G1,8,plan_completed,Insertion,6,cooked_meat_1 overcooked: inside the grill during a close->reopen cycle after it was cooked | cooked_meat_2 overcooked: inside the grill during a close->reopen cycle after it was cooked | raw_meat_1 overcooked: inside the grill during a close->reopen cycle after it was cooked | HC-grill violated: cooked_meat_1 inside the grill at close(grill_lid) after it was cooked | HC-grill violated: cooked_meat_2 inside the grill at close(grill_lid) after it was cooked,hc_violation:2 pick_place_mismatch:2 placement_failed:2
fixed_end,FINAL.G1,9,plan_completed,Insertion,5,raw_meat_1 placed on plate_top before completing a cooking cycle,invalid_corrective_block:1
fixed_end,FINAL.G2,0,plan_completed,Insertion,8,cooked_meat_1 overcooked: inside the grill during a close->reopen cycle after it was cooked | raw_meat_1 overcooked: inside the grill during a close->reopen cycle after it was cooked | raw_meat_2 overcooked: inside the grill during a close->reopen cycle after it was cooked | HC-grill violated: cooked_meat_1 inside the grill at close(grill_lid) after it was cooked,orphan_place:3 placement_failed:2 hc_violation:1 unknown_action_token:1
fixed_end,FINAL.G2,1,replan_budget_exhausted,budget <- Plan rules: orphan_place,11,"raw_meat_2 is in dish_rack, expected plate_top | cooked_meat_1 overcooked: inside the grill during a close->reopen cycle after it was cooked | raw_meat_1 overcooked: inside the grill during a close->reopen cycle after it was cooked | HC-grill violated: cooked_meat_1 inside the grill at close(grill_lid) after it was cooked",orphan_place:4 placement_failed:3 invalid_corrective_block:2 hc_violation:1
fixed_end,FINAL.G2,2,plan_completed,Insertion,4,"raw_meat_2 is in inside_grill, expected plate_top | cooked_meat_1 overcooked: inside the grill during a close->reopen cycle after it was cooked | HC-grill violated: cooked_meat_1 inside the grill at close(grill_lid) after it was cooked",invalid_corrective_block:2 hc_violation:1
fixed_end,FINAL.G2,3,plan_completed,Insertion,11,"raw_meat_2 is in inside_grill, expected plate_top | plate is in dish_rack, expected serving_area | raw_meat_1 placed on plate_top before completing a cooking cycle",invalid_corrective_block:2
fixed_end,FINAL.G2,4,replan_budget_exhausted,budget <- Plan format: unknown_action_token,11,"raw_meat_1 is in inside_grill, expected plate_top | raw_meat_2 is in inside_grill, expected plate_top | raw_meat_1 placed on plate_top before completing a cooking cycle | raw_meat_2 never completed a cooking cycle",unknown_action_token:1 invalid_corrective_block:1
fixed_end,FINAL.G2,5,replan_budget_exhausted,budget <- Motion / grasp: placement_failed,11,"raw_meat_2 is in inside_grill, expected plate_top | raw_meat_1 placed on plate_top before completing a cooking cycle | raw_meat_2 placed on plate_top before completing a cooking cycle",placement_failed:4 orphan_place:2 invalid_corrective_block:1 insertion_too_late:1
fixed_end,FINAL.G2,6,plan_completed,Insertion,10,"plate is in dish_rack, expected serving_area | cooked_meat_1 overcooked: inside the grill during a close->reopen cycle after it was cooked | raw_meat_1 overcooked: inside the grill during a close->reopen cycle after it was cooked | raw_meat_2 overcooked: inside the grill during a close->reopen cycle after it was cooked | HC-grill violated: cooked_meat_1 inside the grill at close(grill_lid) after it was cooked",orphan_place:3 invalid_corrective_block:2 hc_violation:1 placement_failed:1
fixed_end,FINAL.G2,7,replan_budget_exhausted,budget <- Motion / grasp: placement_failed,11,"cooked_meat_1 is in dish_rack, expected plate_top | raw_meat_2 is in inside_grill, expected plate_top | cooked_meat_1 overcooked: inside the grill during a close->reopen cycle after it was cooked | raw_meat_1 overcooked: inside the grill during a close->reopen cycle after it was cooked | raw_meat_2 overcooked: inside the grill during a close->reopen cycle after it was cooked | HC-grill violated: cooked_meat_1 inside the grill at close(grill_lid) after it was cooked",placement_failed:4 orphan_place:3 invalid_corrective_block:2 hc_violation:1
fixed_end,FINAL.G2,8,plan_completed,Insertion,5,"raw_meat_1 is in inside_grill, expected plate_top | raw_meat_2 is in inside_grill, expected plate_top | cooked_meat_1 overcooked: inside the grill during a close->reopen cycle after it was cooked | raw_meat_1 overcooked: inside the grill during a close->reopen cycle after it was cooked | raw_meat_2 overcooked: inside the grill during a close->reopen cycle after it was cooked | HC-grill violated: cooked_meat_1 inside the grill at close(grill_lid) after it was cooked",hc_violation:1 placement_failed:1 orphan_place:1
fixed_end,FINAL.G2,9,plan_completed,Insertion,4,"raw_meat_2 is in inside_grill, expected plate_top | cooked_meat_1 overcooked: inside the grill during a close->reopen cycle after it was cooked | HC-grill violated: cooked_meat_1 inside the grill at close(grill_lid) after it was cooked",invalid_corrective_block:2 hc_violation:1
fixed_end,FINAL.G3,0,replan_budget_exhausted,budget <- Insertion: insertion_too_late,11,"raw_meat_1 is in inside_grill, expected plate_top | raw_meat_1 never completed a cooking cycle | raw_meat_2 placed on plate_top before completing a cooking cycle | raw_meat_3 placed on plate_top before completing a cooking cycle",insertion_too_late:3 unknown_action_token:2 invalid_corrective_block:2 placement_failed:1
fixed_end,FINAL.G3,2,replan_budget_exhausted,budget <- Plan rules: orphan_place,11,"raw_meat_1 is in dish_rack, expected plate_top | raw_meat_3 is in inside_grill, expected plate_top | plate is in dish_rack, expected serving_area",orphan_place:5 invalid_corrective_block:2 missing_post_pick_place:1 placement_failed:1 unknown_action_token:1
fixed_end,FINAL.G3,3,replan_budget_exhausted,budget <- Corrective block: invalid_corrective_block,11,"raw_meat_1 is in inside_grill, expected plate_top | raw_meat_1 placed on plate_top before completing a cooking cycle | raw_meat_2 placed on plate_top before completing a cooking cycle | raw_meat_3 placed on plate_top before completing a cooking cycle",invalid_corrective_block:4 missing_post_pick_place:1 insertion_too_late:1
fixed_end,FINAL.G3,6,replan_budget_exhausted,budget <- Motion / grasp: placement_failed,11,"raw_meat_2 is in inside_grill, expected plate_top | raw_meat_3 is in inside_grill, expected plate_top | raw_meat_1 never completed a cooking cycle | raw_meat_2 never completed a cooking cycle | raw_meat_3 never completed a cooking cycle",placement_failed:7 orphan_place:4
fixed_end,FINAL.G3,7,plan_completed,Insertion,11,raw_meat_1 overcooked: inside the grill during a close->reopen cycle after it was cooked | raw_meat_2 overcooked: inside the grill during a close->reopen cycle after it was cooked | raw_meat_3 overcooked: inside the grill during a close->reopen cycle after it was cooked,orphan_place:6 placement_failed:3
fixed_end,FINAL.G3,8,replan_budget_exhausted,budget <- Corrective block: invalid_corrective_block,11,"raw_meat_1 is in inside_grill, expected plate_top | raw_meat_1 placed on plate_top before completing a cooking cycle | raw_meat_2 placed on plate_top before completing a cooking cycle | raw_meat_3 placed on plate_top before completing a cooking cycle",invalid_corrective_block:3 insertion_too_late:3
fixed_end,FINAL.G3,9,replan_budget_exhausted,budget <- Insertion: insertion_too_late,11,"raw_meat_2 is in inside_grill, expected plate_top | raw_meat_3 is in dish_rack, expected plate_top",insertion_too_late:4 invalid_corrective_block:3
fixed_front,FINAL.K1,0,replan_budget_exhausted,budget <- Insertion: insertion_too_late,11,"mug2 is in pantry_area, expected inside_box | mug3 is in cupboard_shelf, expected inside_box | spam is in pantry_area, expected cupboard_shelf | sugar is in pantry_area, expected cupboard_shelf | HC-box violated: mug1 placed into the box before phone was cleared",insertion_too_late:4 hc_violation:1 placement_failed:1 orphan_place:1 grasp_failed:1
fixed_front,FINAL.K1,3,replan_budget_exhausted,budget <- Corrective block: invalid_corrective_block,11,"mug1 is in pantry_area, expected inside_box | mug2 is in pantry_area, expected inside_box | mug3 is in cupboard_shelf, expected inside_box | spam is in pantry_area, expected cupboard_shelf | sugar is in pantry_area, expected cupboard_shelf | phone is in the inside_box placement area | HC-box violated: phone never cleared from the box placement area",invalid_corrective_block:4 insertion_too_late:3 orphan_place:2 hc_violation:1 placement_failed:1
fixed_front,FINAL.K2,1,replan_budget_exhausted,budget <- Motion / grasp: placement_failed,11,"mug3 is in cupboard_shelf, expected inside_box | spam is in pantry_area, expected cupboard_shelf | sugar is in pantry_area, expected cupboard_shelf",placement_failed:1
fixed_front,FINAL.K4,7,replan_budget_exhausted,budget <- Plan rules: missing_post_pick_place,11,"mug3 is in cupboard_shelf, expected inside_box | spam is in pantry_area, expected cupboard_shelf | sugar is in pantry_area, expected cupboard_shelf",missing_post_pick_place:1 placement_failed:1
fixed_front,FINAL.G1,0,plan_completed,Insertion,6,raw_meat_1 overcooked: inside the grill during a close->reopen cycle after it was cooked,invalid_corrective_block:3 placement_failed:1
fixed_front,FINAL.G1,2,replan_budget_exhausted,budget <- Corrective block: invalid_corrective_block,11,"raw_meat_1 is in inside_grill, expected plate_top | raw_meat_1 placed on plate_top before completing a cooking cycle",invalid_corrective_block:2
fixed_front,FINAL.G1,3,replan_budget_exhausted,budget <- Corrective block: invalid_corrective_block,11,raw_meat_1 placed on plate_top before completing a cooking cycle,invalid_corrective_block:1 placement_failed:1 orphan_place:1 repeated_planner_output:1
fixed_front,FINAL.G1,7,plan_completed,Task plan,4,"raw_meat_1 is in inside_grill, expected plate_top | plate is in dish_rack, expected serving_area | raw_meat_1 never completed a cooking cycle",
fixed_front,FINAL.G1,8,plan_completed,Insertion,4,cooked_meat_2 overcooked: inside the grill during a close->reopen cycle after it was cooked | HC-grill violated: cooked_meat_2 inside the grill at close(grill_lid) after it was cooked,hc_violation:1 invalid_corrective_block:1 placement_failed:1
fixed_front,FINAL.G2,0,plan_completed,Insertion,9,raw_meat_1 overcooked: inside the grill during a close->reopen cycle after it was cooked,invalid_corrective_block:4 pick_place_mismatch:1
fixed_front,FINAL.G2,2,plan_completed,Insertion,5,"plate is in dish_rack, expected serving_area | raw_meat_1 overcooked: inside the grill during a close->reopen cycle after it was cooked | raw_meat_2 overcooked: inside the grill during a close->reopen cycle after it was cooked",invalid_corrective_block:1 placement_failed:1 orphan_place:1
fixed_front,FINAL.G2,3,plan_completed,Insertion,7,raw_meat_2 placed on plate_top before completing a cooking cycle,invalid_corrective_block:2
fixed_front,FINAL.G2,4,plan_completed,Insertion,10,"raw_meat_2 is in inside_grill, expected plate_top | raw_meat_1 overcooked: inside the grill during a close->reopen cycle after it was cooked | raw_meat_2 overcooked: inside the grill during a close->reopen cycle after it was cooked",orphan_place:4 placement_failed:3
fixed_front,FINAL.G2,5,replan_budget_exhausted,budget <- Plan rules: orphan_place,11,"cooked_meat_1 is in dish_rack, expected plate_top | raw_meat_1 is in dish_rack, expected plate_top | plate is in dish_rack, expected serving_area | raw_meat_1 overcooked: inside the grill during a close->reopen cycle after it was cooked | raw_meat_2 overcooked: inside the grill during a close->reopen cycle after it was cooked",orphan_place:5 placement_failed:2 invalid_corrective_block:1 unknown_action_token:1 repeated_planner_output:1
fixed_front,FINAL.G2,6,plan_completed,Insertion,4,raw_meat_1 overcooked: inside the grill during a close->reopen cycle after it was cooked | raw_meat_2 placed on plate_top before completing a cooking cycle,invalid_corrective_block:1
fixed_front,FINAL.G2,7,replan_budget_exhausted,budget <- Corrective block: invalid_corrective_block,11,"raw_meat_1 is in inside_grill, expected plate_top | raw_meat_2 is in inside_grill, expected plate_top | raw_meat_1 overcooked: inside the grill during a close->reopen cycle after it was cooked | raw_meat_2 overcooked: inside the grill during a close->reopen cycle after it was cooked",invalid_corrective_block:4 unknown_action_token:3 placement_failed:2
fixed_front,FINAL.G2,8,plan_completed,Insertion,4,"plate is in dish_rack, expected serving_area | raw_meat_1 overcooked: inside the grill during a close->reopen cycle after it was cooked | raw_meat_2 placed on plate_top before completing a cooking cycle",invalid_corrective_block:1
fixed_front,FINAL.G2,9,plan_completed,Insertion,5,"raw_meat_2 is in inside_grill, expected plate_top | plate is in dish_rack, expected serving_area | raw_meat_1 overcooked: inside the grill during a close->reopen cycle after it was cooked | raw_meat_2 overcooked: inside the grill during a close->reopen cycle after it was cooked",invalid_corrective_block:1
fixed_front,FINAL.G3,0,replan_budget_exhausted,budget <- Plan rules: orphan_place,11,"raw_meat_1 is in table, expected plate_top | raw_meat_2 is in inside_grill, expected plate_top | raw_meat_3 is in inside_grill, expected plate_top | raw_meat_1 never completed a cooking cycle | raw_meat_2 never completed a cooking cycle | raw_meat_3 never completed a cooking cycle",orphan_place:4 placement_failed:3 invalid_corrective_block:1 no_ik_solution:1 executor_failure:1
fixed_front,FINAL.G3,1,plan_completed,Task plan,3,"raw_meat_2 is in inside_grill, expected plate_top | raw_meat_3 is in inside_grill, expected plate_top",invalid_corrective_block:1
fixed_front,FINAL.G3,2,plan_completed,Insertion,10,raw_meat_2 placed on plate_top before completing a cooking cycle,invalid_corrective_block:1 placement_failed:1 orphan_place:1
fixed_front,FINAL.G3,3,replan_budget_exhausted,budget <- Corrective block: invalid_corrective_block,11,"raw_meat_2 is in inside_grill, expected plate_top | raw_meat_3 is in inside_grill, expected plate_top | raw_meat_1 overcooked: inside the grill during a close->reopen cycle after it was cooked | raw_meat_2 overcooked: inside the grill during a close->reopen cycle after it was cooked",invalid_corrective_block:3 placement_failed:2 orphan_place:2
fixed_front,FINAL.G3,4,replan_budget_exhausted,budget <- Corrective block: invalid_corrective_block,11,"raw_meat_1 is in inside_grill, expected plate_top | raw_meat_2 is in inside_grill, expected plate_top | raw_meat_3 is in inside_grill, expected plate_top | raw_meat_1 never completed a cooking cycle | raw_meat_2 placed on plate_top before completing a cooking cycle | raw_meat_3 never completed a cooking cycle",invalid_corrective_block:4 remembered_object_inaccessible:1
fixed_front,FINAL.G3,5,replan_budget_exhausted,budget <- Corrective block: invalid_corrective_block,11,"raw_meat_1 is in inside_grill, expected plate_top | raw_meat_2 is in inside_grill, expected plate_top | raw_meat_3 is in dish_rack, expected plate_top | plate is in dish_rack, expected serving_area",invalid_corrective_block:3 unknown_action_token:2 placement_failed:1 orphan_place:1
fixed_front,FINAL.G3,6,replan_budget_exhausted,budget <- Plan format: unknown_action_token,11,"raw_meat_1 is in inside_grill, expected plate_top | raw_meat_3 is in inside_grill, expected plate_top | raw_meat_1 never completed a cooking cycle | raw_meat_2 placed on plate_top before completing a cooking cycle | raw_meat_3 never completed a cooking cycle",unknown_action_token:1 pick_place_mismatch:1 invalid_corrective_block:1
fixed_front,FINAL.G3,7,replan_budget_exhausted,budget <- Motion / grasp: placement_failed,11,"raw_meat_1 is in inside_grill, expected plate_top | raw_meat_2 is in inside_grill, expected plate_top | raw_meat_3 is in inside_grill, expected plate_top | raw_meat_1 placed on plate_top before completing a cooking cycle | raw_meat_2 never completed a cooking cycle | raw_meat_3 never completed a cooking cycle",placement_failed:1
fixed_front,FINAL.G3,8,replan_budget_exhausted,budget <- Corrective block: invalid_corrective_block,11,"raw_meat_2 is in inside_grill, expected plate_top | raw_meat_3 is in inside_grill, expected plate_top | raw_meat_1 placed on plate_top before completing a cooking cycle | raw_meat_2 never completed a cooking cycle | raw_meat_3 never completed a cooking cycle",invalid_corrective_block:3 placement_failed:3 orphan_place:2
fixed_front,FINAL.G3,9,replan_budget_exhausted,budget <- Plan rules: orphan_place,11,"raw_meat_1 is in inside_grill, expected plate_top | raw_meat_2 is in dish_rack, expected plate_top | plate is in dish_rack, expected serving_area | raw_meat_1 never completed a cooking cycle | raw_meat_2 never completed a cooking cycle | raw_meat_3 never completed a cooking cycle",orphan_place:9 placement_failed:1
no_if,FINAL.K1,0,plan_completed,Task plan,10,"mug2 is in pantry_area, expected inside_box | phone is in the inside_box placement area | HC-box violated: mug1 placed into the box before phone was cleared",insertion_too_late:3 invalid_corrective_block:3 hc_violation:1 placement_failed:1 grasp_failed:1
no_if,FINAL.K3,8,plan_completed,Task plan,2,"mug2 is in pantry_area, expected inside_box",
no_if,FINAL.G1,2,plan_completed,Insertion,2,raw_meat_1 placed on plate_top before completing a cooking cycle,
no_if,FINAL.G1,3,plan_completed,Insertion,5,cooked_meat_1 overcooked: inside the grill during a close->reopen cycle after it was cooked | cooked_meat_2 overcooked: inside the grill during a close->reopen cycle after it was cooked | raw_meat_1 overcooked: inside the grill during a close->reopen cycle after it was cooked | HC-grill violated: cooked_meat_1 inside the grill at close(grill_lid) after it was cooked | HC-grill violated: cooked_meat_2 inside the grill at close(grill_lid) after it was cooked,placement_failed:3 hc_violation:2 orphan_place:1
no_if,FINAL.G1,4,plan_completed,Task plan,4,"cooked_meat_1 is in dish_rack, expected plate_top | raw_meat_1 is in dish_rack, expected plate_top | plate is in dish_rack, expected serving_area",invalid_corrective_block:1 placement_failed:1
no_if,FINAL.G1,5,plan_completed,Insertion,3,raw_meat_1 placed on plate_top before completing a cooking cycle,unknown_action_token:1
no_if,FINAL.G1,7,plan_completed,Task plan,5,"cooked_meat_1 is in dish_rack, expected plate_top | raw_meat_1 is in dish_rack, expected plate_top | plate is in dish_rack, expected serving_area",invalid_corrective_block:2 placement_failed:1
no_if,FINAL.G1,8,plan_completed,Task plan,4,"raw_meat_1 is in inside_grill, expected plate_top | raw_meat_1 never completed a cooking cycle",placement_failed:2 orphan_place:1
no_if,FINAL.G2,0,plan_completed,Insertion,3,"cooked_meat_1 is in dish_rack, expected plate_top | raw_meat_1 is in dish_rack, expected plate_top | raw_meat_2 is in dish_rack, expected plate_top | cooked_meat_1 overcooked: inside the grill during a close->reopen cycle after it was cooked | HC-grill violated: cooked_meat_1 inside the grill at close(grill_lid) after it was cooked",hc_violation:1 invalid_corrective_block:1
no_if,FINAL.G2,1,plan_completed,Task plan,2,"raw_meat_1 is in dish_rack, expected plate_top",
no_if,FINAL.G2,2,plan_completed,Insertion,11,"cooked_meat_1 is in dish_rack, expected plate_top | raw_meat_1 is in dish_rack, expected plate_top | raw_meat_2 is in dish_rack, expected plate_top | plate is in dish_rack, expected serving_area | raw_meat_1 overcooked: inside the grill during a close->reopen cycle after it was cooked | raw_meat_2 overcooked: inside the grill during a close->reopen cycle after it was cooked",orphan_place:5 placement_failed:2 missing_post_pick_place:1 unknown_action_token:1
no_if,FINAL.G2,3,replan_loop,loop <- Plan rules: orphan_place,6,"cooked_meat_1 is in dish_rack, expected plate_top | raw_meat_1 is in inside_grill, expected plate_top | plate is in dish_rack, expected serving_area",orphan_place:2 repeated_planner_output:2 placement_failed:1
no_if,FINAL.G2,4,plan_completed,Insertion,6,cooked_meat_1 overcooked: inside the grill during a close->reopen cycle after it was cooked | HC-grill violated: cooked_meat_1 inside the grill at close(grill_lid) after it was cooked,invalid_corrective_block:4 hc_violation:1
no_if,FINAL.G2,5,plan_completed,Insertion,6,"raw_meat_2 is in inside_grill, expected plate_top | raw_meat_1 placed on plate_top before completing a cooking cycle | raw_meat_2 never completed a cooking cycle",invalid_corrective_block:3 pick_place_mismatch:1
no_if,FINAL.G2,6,plan_completed,Insertion,7,"cooked_meat_1 is in dish_rack, expected plate_top | raw_meat_1 is in dish_rack, expected plate_top | raw_meat_2 is in dish_rack, expected plate_top | plate is in dish_rack, expected serving_area | raw_meat_1 overcooked: inside the grill during a close->reopen cycle after it was cooked | raw_meat_2 overcooked: inside the grill during a close->reopen cycle after it was cooked",orphan_place:4 placement_failed:1
no_if,FINAL.G2,7,plan_completed,Insertion,5,"cooked_meat_1 is in dish_rack, expected plate_top | raw_meat_1 is in dish_rack, expected plate_top | raw_meat_2 is in dish_rack, expected plate_top | plate is in dish_rack, expected serving_area | raw_meat_2 overcooked: inside the grill during a close->reopen cycle after it was cooked",invalid_corrective_block:1 placement_failed:1 orphan_place:1
no_if,FINAL.G2,9,plan_completed,Task plan,7,"raw_meat_1 is in inside_grill, expected plate_top | raw_meat_2 is in inside_grill, expected plate_top | raw_meat_1 never completed a cooking cycle | raw_meat_2 never completed a cooking cycle",placement_failed:3 orphan_place:2 invalid_corrective_block:1
no_if,FINAL.G3,1,replan_budget_exhausted,budget <- Motion / grasp: placement_failed,11,"raw_meat_2 is in inside_grill, expected plate_top | raw_meat_3 is in inside_grill, expected plate_top | raw_meat_1 never completed a cooking cycle | raw_meat_2 never completed a cooking cycle | raw_meat_3 never completed a cooking cycle",placement_failed:6 orphan_place:4
no_if,FINAL.G3,2,plan_completed,Task plan,7,"raw_meat_1 is in inside_grill, expected plate_top | raw_meat_2 is in inside_grill, expected plate_top | raw_meat_3 is in inside_grill, expected plate_top | plate is in dish_rack, expected serving_area",orphan_place:4 placement_failed:1
no_if,FINAL.G3,3,plan_completed,Task plan,5,"raw_meat_1 is in inside_grill, expected plate_top | raw_meat_2 is in dish_rack, expected plate_top | raw_meat_3 is in inside_grill, expected plate_top | plate is in dish_rack, expected serving_area",orphan_place:2 placement_failed:1
no_if,FINAL.G3,4,plan_completed,Insertion,5,raw_meat_1 overcooked: inside the grill during a close->reopen cycle after it was cooked | raw_meat_2 overcooked: inside the grill during a close->reopen cycle after it was cooked | raw_meat_3 overcooked: inside the grill during a close->reopen cycle after it was cooked,missing_post_pick_place:1 invalid_corrective_block:1 placement_failed:1
no_if,FINAL.G3,5,plan_completed,Task plan,3,"plate is in dish_rack, expected serving_area",invalid_corrective_block:1
no_if,FINAL.G3,6,plan_completed,Insertion,9,raw_meat_1 placed on plate_top before completing a cooking cycle,placement_failed:4 orphan_place:3
no_if,FINAL.G3,7,plan_completed,Task plan,8,"raw_meat_1 is in inside_grill, expected plate_top | raw_meat_2 is in inside_grill, expected plate_top | raw_meat_3 is in inside_grill, expected plate_top | plate is in dish_rack, expected serving_area",orphan_place:4 placement_failed:1 unknown_action_token:1
no_if,FINAL.G3,8,replan_budget_exhausted,budget <- Corrective block: invalid_corrective_block,11,"raw_meat_2 is in inside_grill, expected plate_top | raw_meat_3 is in inside_grill, expected plate_top | raw_meat_1 overcooked: inside the grill during a close->reopen cycle after it was cooked | raw_meat_2 overcooked: inside the grill during a close->reopen cycle after it was cooked | raw_meat_3 overcooked: inside the grill during a close->reopen cycle after it was cooked",invalid_corrective_block:5 orphan_place:3 placement_failed:2
no_if,FINAL.G3,9,plan_completed,Task plan,4,"raw_meat_1 is in dish_rack, expected plate_top | raw_meat_2 is in dish_rack, expected plate_top | raw_meat_3 is in dish_rack, expected plate_top | plate is in dish_rack, expected serving_area",placement_failed:1 orphan_place:1
no_memory,FINAL.K1,1,plan_completed,Task plan,8,"mug1 is in table, expected inside_box",invalid_corrective_block:3 insertion_too_late:2 pick_object_missing:1
no_memory,FINAL.K1,3,plan_completed,Task plan,8,"mug2 is in pantry_area, expected inside_box",placement_failed:2 orphan_place:2 insertion_too_late:1 pick_object_missing:1
no_memory,FINAL.K2,1,plan_completed,Task plan,4,"mug2 is in pantry_area, expected inside_box",orphan_place:1 placement_failed:1 pick_object_missing:1
no_memory,FINAL.K3,9,plan_completed,Task plan,5,"mug2 is in pantry_area, expected inside_box",placement_failed:1 orphan_place:1 pick_object_missing:1
no_memory,FINAL.K4,1,plan_completed,Task plan,4,"mug2 is in pantry_area, expected inside_box",placement_failed:1 pick_object_missing:1 invalid_corrective_block:1
no_memory,FINAL.K4,9,plan_completed,Task plan,4,"mug2 is in pantry_area, expected inside_box",placement_failed:1 pick_object_missing:1
no_memory,FINAL.G1,1,plan_completed,Insertion,4,raw_meat_1 overcooked: inside the grill during a close->reopen cycle after it was cooked,unknown_action_token:1
no_memory,FINAL.G1,2,plan_completed,Insertion,3,cooked_meat_1 overcooked: inside the grill during a close->reopen cycle after it was cooked | cooked_meat_2 overcooked: inside the grill during a close->reopen cycle after it was cooked | HC-grill violated: cooked_meat_1 inside the grill at close(grill_lid) after it was cooked | HC-grill violated: cooked_meat_2 inside the grill at close(grill_lid) after it was cooked,hc_violation:2 pick_place_mismatch:1
no_memory,FINAL.G1,3,plan_completed,Insertion,10,raw_meat_1 overcooked: inside the grill during a close->reopen cycle after it was cooked,invalid_corrective_block:5
no_memory,FINAL.G1,4,plan_completed,Insertion,6,"plate is in dish_rack, expected serving_area | raw_meat_1 overcooked: inside the grill during a close->reopen cycle after it was cooked",invalid_corrective_block:2
no_memory,FINAL.G1,5,plan_completed,Insertion,3,cooked_meat_1 overcooked: inside the grill during a close->reopen cycle after it was cooked | cooked_meat_2 overcooked: inside the grill during a close->reopen cycle after it was cooked | HC-grill violated: cooked_meat_1 inside the grill at close(grill_lid) after it was cooked | HC-grill violated: cooked_meat_2 inside the grill at close(grill_lid) after it was cooked,hc_violation:2 invalid_corrective_block:1
no_memory,FINAL.G1,6,plan_completed,Task plan,3,"plate is in dish_rack, expected serving_area",invalid_corrective_block:1
no_memory,FINAL.G1,7,replan_budget_exhausted,budget <- Motion / grasp: placement_failed,11,"cooked_meat_1 is in table, expected plate_top | raw_meat_1 is in inside_grill, expected plate_top | cooked_meat_1 overcooked: inside the grill during a close->reopen cycle after it was cooked | cooked_meat_2 overcooked: inside the grill during a close->reopen cycle after it was cooked | raw_meat_1 overcooked: inside the grill during a close->reopen cycle after it was cooked | HC-grill violated: cooked_meat_1 inside the grill at close(grill_lid) after it was cooked | HC-grill violated: cooked_meat_2 inside the grill at close(grill_lid) after it was cooked",placement_failed:3 pick_object_missing:3 hc_violation:2 orphan_place:2 invalid_corrective_block:1
no_memory,FINAL.G1,9,plan_completed,Insertion,11,raw_meat_1 placed on plate_top before completing a cooking cycle,invalid_corrective_block:2
no_memory,FINAL.G2,0,plan_completed,Task plan,2,"raw_meat_2 is in inside_grill, expected plate_top",
no_memory,FINAL.G2,1,replan_budget_exhausted,budget <- Corrective block: invalid_corrective_block,11,"raw_meat_1 is in inside_grill, expected plate_top | raw_meat_2 is in inside_grill, expected plate_top | raw_meat_1 placed on plate_top before completing a cooking cycle | raw_meat_2 never completed a cooking cycle",invalid_corrective_block:3 repeated_planner_output:1
no_memory,FINAL.G2,2,plan_completed,Task plan,3,"raw_meat_2 is in inside_grill, expected plate_top",pick_place_mismatch:1
no_memory,FINAL.G2,3,replan_budget_exhausted,budget <- Corrective block: invalid_corrective_block,11,"raw_meat_1 is in inside_grill, expected plate_top | raw_meat_2 is in inside_grill, expected plate_top | raw_meat_1 placed on plate_top before completing a cooking cycle | raw_meat_2 never completed a cooking cycle",invalid_corrective_block:1
no_memory,FINAL.G2,4,replan_budget_exhausted,budget <- Corrective block: invalid_corrective_block,11,"raw_meat_1 is in inside_grill, expected plate_top | raw_meat_2 is in inside_grill, expected plate_top | raw_meat_1 placed on plate_top before completing a cooking cycle | raw_meat_2 never completed a cooking cycle",invalid_corrective_block:3
no_memory,FINAL.G2,5,plan_completed,Insertion,4,"raw_meat_2 is in inside_grill, expected plate_top | raw_meat_1 placed on plate_top before completing a cooking cycle",
no_memory,FINAL.G2,6,replan_budget_exhausted,budget <- none,11,"raw_meat_2 is in inside_grill, expected plate_top | raw_meat_1 placed on plate_top before completing a cooking cycle | raw_meat_2 never completed a cooking cycle",
no_memory,FINAL.G3,0,replan_loop,loop <- Plan rules: orphan_place,9,"raw_meat_1 is in inside_grill, expected plate_top | raw_meat_3 is in inside_grill, expected plate_top",orphan_place:3 invalid_corrective_block:2 repeated_planner_output:2 placement_failed:1
no_memory,FINAL.G3,1,replan_budget_exhausted,budget <- Plan rules: orphan_place,11,"raw_meat_1 is in inside_grill, expected plate_top | raw_meat_3 is in inside_grill, expected plate_top | raw_meat_1 never completed a cooking cycle | raw_meat_2 placed on plate_top before completing a cooking cycle | raw_meat_3 never completed a cooking cycle",orphan_place:4 placement_failed:2 repeated_planner_output:1 unknown_action_token:1
no_memory,FINAL.G3,2,replan_budget_exhausted,budget <- Corrective block: invalid_corrective_block,11,"raw_meat_1 is in inside_grill, expected plate_top | raw_meat_3 is in inside_grill, expected plate_top | raw_meat_1 never completed a cooking cycle | raw_meat_2 placed on plate_top before completing a cooking cycle | raw_meat_3 never completed a cooking cycle",invalid_corrective_block:2 unknown_action_token:1
no_memory,FINAL.G3,3,replan_budget_exhausted,budget <- Plan rules: orphan_place,11,"raw_meat_1 is in inside_grill, expected plate_top | raw_meat_3 is in inside_grill, expected plate_top | raw_meat_1 never completed a cooking cycle | raw_meat_2 never completed a cooking cycle | raw_meat_3 never completed a cooking cycle",orphan_place:4 invalid_corrective_block:3 placement_failed:3
no_memory,FINAL.G3,4,replan_loop,loop <- Plan rules: orphan_place,7,"raw_meat_1 is in inside_grill, expected plate_top | raw_meat_3 is in inside_grill, expected plate_top | raw_meat_1 never completed a cooking cycle | raw_meat_2 never completed a cooking cycle | raw_meat_3 never completed a cooking cycle",orphan_place:3 repeated_planner_output:2 placement_failed:1
no_memory,FINAL.G3,5,plan_completed,Insertion,5,"raw_meat_2 is in inside_grill, expected plate_top | raw_meat_3 is in inside_grill, expected plate_top | plate is in dish_rack, expected serving_area | raw_meat_1 overcooked: inside the grill during a close->reopen cycle after it was cooked | raw_meat_2 overcooked: inside the grill during a close->reopen cycle after it was cooked | raw_meat_3 overcooked: inside the grill during a close->reopen cycle after it was cooked",
no_memory,FINAL.G3,6,plan_completed,Insertion,9,raw_meat_1 placed on plate_top before completing a cooking cycle | raw_meat_2 overcooked: inside the grill during a close->reopen cycle after it was cooked | raw_meat_3 overcooked: inside the grill during a close->reopen cycle after it was cooked,invalid_corrective_block:3 grill_lid_closed:1
no_memory,FINAL.G3,8,replan_budget_exhausted,budget <- Corrective block: invalid_corrective_block,11,"raw_meat_1 is in inside_grill, expected plate_top | raw_meat_2 is in inside_grill, expected plate_top | raw_meat_3 is in inside_grill, expected plate_top | raw_meat_1 placed on plate_top before completing a cooking cycle | raw_meat_2 never completed a cooking cycle | raw_meat_3 placed on plate_top before completing a cooking cycle",invalid_corrective_block:2
no_when,FINAL.K1,0,replan_budget_exhausted,budget <- Insertion: insertion_too_late,11,"mug2 is in pantry_area, expected inside_box | mug3 is in cupboard_shelf, expected inside_box | spam is in pantry_area, expected cupboard_shelf | sugar is in pantry_area, expected cupboard_shelf | HC-box violated: mug1 placed into the box before phone was cleared",insertion_too_late:3 invalid_corrective_block:2 hc_violation:1 placement_failed:1 orphan_place:1 grasp_failed:1
no_when,FINAL.K1,1,replan_budget_exhausted,budget <- Corrective block: invalid_corrective_block,11,"mug1 is in pantry_area, expected inside_box | mug2 is in pantry_area, expected inside_box | mug3 is in cupboard_shelf, expected inside_box | spam is in pantry_area, expected cupboard_shelf | sugar is in pantry_area, expected cupboard_shelf | phone is in the inside_box placement area | HC-box violated: phone never cleared from the box placement area",invalid_corrective_block:5 orphan_place:2 insertion_too_late:2 hc_violation:1 placement_failed:1
no_when,FINAL.K1,9,replan_budget_exhausted,budget <- Insertion: insertion_too_late,11,"mug1 is in pantry_area, expected inside_box | mug2 is in table, expected inside_box | mug3 is in cupboard_shelf, expected inside_box | phone is in the inside_box placement area",insertion_too_late:3 orphan_place:2 object_did_not_move:1 grasp_failed:1 invalid_corrective_block:1
no_when,FINAL.G1,0,replan_budget_exhausted,budget <- Corrective block: invalid_corrective_block,11,"cooked_meat_1 is in serving_area, expected plate_top | cooked_meat_2 is in serving_area, expected plate_top | raw_meat_1 is in table, expected plate_top | plate is in dish_rack, expected serving_area | raw_meat_1 never completed a cooking cycle",invalid_corrective_block:6
no_when,FINAL.G1,1,replan_budget_exhausted,budget <- Motion / grasp: placement_failed,11,"raw_meat_1 is in inside_grill, expected plate_top | raw_meat_1 placed on plate_top before completing a cooking cycle",placement_failed:1 orphan_place:1
no_when,FINAL.G1,2,plan_completed,Insertion,2,cooked_meat_1 overcooked: inside the grill during a close->reopen cycle after it was cooked | cooked_meat_2 overcooked: inside the grill during a close->reopen cycle after it was cooked | HC-grill violated: cooked_meat_1 inside the grill at close(grill_lid) after it was cooked | HC-grill violated: cooked_meat_2 inside the grill at close(grill_lid) after it was cooked,hc_violation:2
no_when,FINAL.G1,3,plan_completed,Task plan,5,"plate is in dish_rack, expected serving_area",
no_when,FINAL.G1,4,replan_budget_exhausted,budget <- Corrective block: invalid_corrective_block,11,raw_meat_1 placed on plate_top before completing a cooking cycle,invalid_corrective_block:8 repeated_planner_output:1
no_when,FINAL.G1,7,plan_completed,Task plan,2,"plate is in dish_rack, expected serving_area",
no_when,FINAL.G1,8,plan_completed,Insertion,4,cooked_meat_1 overcooked: inside the grill during a close->reopen cycle after it was cooked | cooked_meat_2 overcooked: inside the grill during a close->reopen cycle after it was cooked | HC-grill violated: cooked_meat_1 inside the grill at close(grill_lid) after it was cooked | HC-grill violated: cooked_meat_2 inside the grill at close(grill_lid) after it was cooked,hc_violation:2 pick_place_mismatch:1 invalid_corrective_block:1
no_when,FINAL.G1,9,plan_completed,Insertion,7,raw_meat_1 overcooked: inside the grill during a close->reopen cycle after it was cooked,orphan_place:2 invalid_corrective_block:1 placement_failed:1 planner_output_not_parseable:1
no_when,FINAL.G2,0,plan_completed,Insertion,8,"plate is in dish_rack, expected serving_area | raw_meat_1 overcooked: inside the grill during a close->reopen cycle after it was cooked | raw_meat_2 overcooked: inside the grill during a close->reopen cycle after it was cooked",invalid_corrective_block:3 placement_failed:1 orphan_place:1
no_when,FINAL.G2,1,replan_budget_exhausted,budget <- Corrective block: invalid_corrective_block,11,"raw_meat_1 is in inside_grill, expected plate_top | raw_meat_2 is in inside_grill, expected plate_top | plate is in dish_rack, expected serving_area",invalid_corrective_block:5
no_when,FINAL.G2,2,replan_budget_exhausted,budget <- Corrective block: invalid_corrective_block,11,"cooked_meat_1 is in inside_grill, expected plate_top | raw_meat_1 is in inside_grill, expected plate_top | raw_meat_2 is in inside_grill, expected plate_top | plate is in dish_rack, expected serving_area | cooked_meat_1 overcooked: inside the grill during a close->reopen cycle after it was cooked | raw_meat_1 overcooked: inside the grill during a close->reopen cycle after it was cooked | raw_meat_2 overcooked: inside the grill during a close->reopen cycle after it was cooked | HC-grill violated: cooked_meat_1 inside the grill at close(grill_lid) after it was cooked",invalid_corrective_block:3 hc_violation:1 orphan_place:1
no_when,FINAL.G2,3,replan_budget_exhausted,budget <- Corrective block: invalid_corrective_block,11,"raw_meat_1 is in inside_grill, expected plate_top | raw_meat_2 is in inside_grill, expected plate_top | plate is in dish_rack, expected serving_area | raw_meat_1 never completed a cooking cycle | raw_meat_2 never completed a cooking cycle",invalid_corrective_block:2
no_when,FINAL.G2,4,plan_completed,Insertion,3,cooked_meat_1 overcooked: inside the grill during a close->reopen cycle after it was cooked | HC-grill violated: cooked_meat_1 inside the grill at close(grill_lid) after it was cooked,hc_violation:1 missing_post_pick_place:1
no_when,FINAL.G2,5,plan_completed,Insertion,3,cooked_meat_1 overcooked: inside the grill during a close->reopen cycle after it was cooked | HC-grill violated: cooked_meat_1 inside the grill at close(grill_lid) after it was cooked,hc_violation:1 invalid_corrective_block:1
no_when,FINAL.G2,7,replan_budget_exhausted,budget <- Corrective block: invalid_corrective_block,11,"raw_meat_1 is in inside_grill, expected plate_top | raw_meat_1 placed on plate_top before completing a cooking cycle | raw_meat_2 placed on plate_top before completing a cooking cycle",invalid_corrective_block:2 placement_failed:1 orphan_place:1
no_when,FINAL.G2,8,plan_completed,Insertion,4,cooked_meat_1 overcooked: inside the grill during a close->reopen cycle after it was cooked | raw_meat_2 overcooked: inside the grill during a close->reopen cycle after it was cooked | HC-grill violated: cooked_meat_1 inside the grill at close(grill_lid) after it was cooked,hc_violation:1 placement_failed:1 orphan_place:1
no_when,FINAL.G2,9,plan_completed,Insertion,8,cooked_meat_1 overcooked: inside the grill during a close->reopen cycle after it was cooked | raw_meat_1 overcooked: inside the grill during a close->reopen cycle after it was cooked | raw_meat_2 overcooked: inside the grill during a close->reopen cycle after it was cooked | HC-grill violated: cooked_meat_1 inside the grill at close(grill_lid) after it was cooked,invalid_corrective_block:5 hc_violation:1 placement_failed:1
no_when,FINAL.G3,0,replan_budget_exhausted,budget <- Corrective block: invalid_corrective_block,11,"raw_meat_1 is in table, expected plate_top | raw_meat_2 is in inside_grill, expected plate_top | raw_meat_2 overcooked: inside the grill during a close->reopen cycle after it was cooked | raw_meat_3 placed on plate_top before completing a cooking cycle",invalid_corrective_block:3 placement_failed:2 pick_place_mismatch:1
no_when,FINAL.G3,1,plan_completed,Insertion,11,raw_meat_1 overcooked: inside the grill during a close->reopen cycle after it was cooked | raw_meat_2 overcooked: inside the grill during a close->reopen cycle after it was cooked | raw_meat_3 overcooked: inside the grill during a close->reopen cycle after it was cooked,placement_failed:5 invalid_corrective_block:2 repeated_planner_output:1
no_when,FINAL.G3,3,replan_budget_exhausted,budget <- none,11,"raw_meat_1 is in inside_grill, expected plate_top | raw_meat_3 is in inside_grill, expected plate_top | raw_meat_1 never completed a cooking cycle | raw_meat_2 placed on plate_top before completing a cooking cycle | raw_meat_3 never completed a cooking cycle",
no_when,FINAL.G3,5,replan_budget_exhausted,budget <- Corrective block: invalid_corrective_block,11,"raw_meat_1 is in table, expected plate_top | raw_meat_2 is in inside_grill, expected plate_top | raw_meat_3 is in inside_grill, expected plate_top | plate is in dish_rack, expected serving_area | raw_meat_1 never completed a cooking cycle | raw_meat_2 never completed a cooking cycle | raw_meat_3 never completed a cooking cycle",invalid_corrective_block:4
no_when,FINAL.G3,6,plan_completed,Task plan,4,"plate is in dish_rack, expected serving_area",unknown_action_token:1 invalid_corrective_block:1
no_when,FINAL.G3,7,replan_budget_exhausted,budget <- Corrective block: invalid_corrective_block,11,"raw_meat_1 is in table, expected plate_top | raw_meat_2 is in dish_rack, expected plate_top | raw_meat_3 is in inside_grill, expected plate_top | plate is in dish_rack, expected serving_area | raw_meat_1 never completed a cooking cycle",invalid_corrective_block:4
no_when,FINAL.G3,8,replan_budget_exhausted,budget <- Corrective block: invalid_corrective_block,11,"raw_meat_1 is in table, expected plate_top | raw_meat_2 is in inside_grill, expected plate_top | raw_meat_3 is in inside_grill, expected plate_top | raw_meat_1 never completed a cooking cycle | raw_meat_2 never completed a cooking cycle | raw_meat_3 never completed a cooking cycle",invalid_corrective_block:6 remembered_object_inaccessible:2 repeated_planner_output:1
no_when,FINAL.G3,9,replan_budget_exhausted,budget <- Corrective block: invalid_corrective_block,11,"raw_meat_1 is in table, expected plate_top | raw_meat_2 is in inside_grill, expected plate_top | raw_meat_3 is in inside_grill, expected plate_top | plate is in dish_rack, expected serving_area | raw_meat_1 never completed a cooking cycle",invalid_corrective_block:2 insertion_too_late:1
no_where,FINAL.K1,0,plan_completed,Task plan,6,phone is in the inside_box placement area | HC-box violated: mug1 placed into the box before phone was cleared,hc_violation:1 orphan_place:1 placement_failed:1
no_where,FINAL.K1,1,plan_completed,Task plan,8,phone is in the inside_box placement area | HC-box violated: mug1 placed into the box before phone was cleared,orphan_place:3 hc_violation:1 placement_failed:1
no_where,FINAL.K1,2,plan_completed,Task plan,6,phone is in the inside_box placement area | HC-box violated: mug1 placed into the box before phone was cleared,hc_violation:1 placement_failed:1 orphan_place:1
no_where,FINAL.K1,3,plan_completed,Task plan,9,phone is in the inside_box placement area | HC-box violated: mug1 placed into the box before phone was cleared,orphan_place:4 hc_violation:1 placement_failed:1
no_where,FINAL.K1,4,plan_completed,Task plan,8,phone is in the inside_box placement area | HC-box violated: mug1 placed into the box before phone was cleared,orphan_place:2 hc_violation:1 placement_failed:1 repeated_planner_output:1
no_where,FINAL.K1,5,plan_completed,Task plan,6,phone is in the inside_box placement area | HC-box violated: mug1 placed into the box before phone was cleared,hc_violation:1
no_where,FINAL.K1,7,plan_completed,Task plan,4,phone is in the inside_box placement area | HC-box violated: mug1 placed into the box before phone was cleared,hc_violation:1
no_where,FINAL.K1,8,plan_completed,Task plan,4,phone is in the inside_box placement area | HC-box violated: mug1 placed into the box before phone was cleared,hc_violation:1
no_where,FINAL.K1,9,plan_completed,Task plan,6,phone is in the inside_box placement area | HC-box violated: mug1 placed into the box before phone was cleared,hc_violation:1 placement_failed:1 orphan_place:1
no_where,FINAL.K2,1,replan_loop,loop <- Plan rules: orphan_place,10,"mug3 is in cupboard_shelf, expected inside_box | spam is in pantry_area, expected cupboard_shelf | sugar is in pantry_area, expected cupboard_shelf",orphan_place:2 repeated_planner_output:2 placement_failed:1
no_where,FINAL.G1,2,plan_completed,Insertion,4,cooked_meat_1 overcooked: inside the grill during a close->reopen cycle after it was cooked | cooked_meat_2 overcooked: inside the grill during a close->reopen cycle after it was cooked | raw_meat_1 overcooked: inside the grill during a close->reopen cycle after it was cooked | HC-grill violated: cooked_meat_1 inside the grill at close(grill_lid) after it was cooked | HC-grill violated: cooked_meat_2 inside the grill at close(grill_lid) after it was cooked,hc_violation:2 placement_failed:1 orphan_place:1
no_where,FINAL.G1,3,plan_completed,Insertion,10,cooked_meat_1 overcooked: inside the grill during a close->reopen cycle after it was cooked | cooked_meat_2 overcooked: inside the grill during a close->reopen cycle after it was cooked | raw_meat_1 overcooked: inside the grill during a close->reopen cycle after it was cooked | HC-grill violated: cooked_meat_1 inside the grill at close(grill_lid) after it was cooked | HC-grill violated: cooked_meat_2 inside the grill at close(grill_lid) after it was cooked,placement_failed:3 orphan_place:3 hc_violation:2
no_where,FINAL.G1,5,plan_completed,Insertion,6,raw_meat_1 placed on plate_top before completing a cooking cycle,placement_failed:1
no_where,FINAL.G1,6,plan_completed,Insertion,8,raw_meat_1 placed on plate_top before completing a cooking cycle,repeated_planner_output:1
no_where,FINAL.G1,7,plan_completed,Insertion,2,"plate is in dish_rack, expected serving_area | cooked_meat_1 overcooked: inside the grill during a close->reopen cycle after it was cooked | cooked_meat_2 overcooked: inside the grill during a close->reopen cycle after it was cooked | HC-grill violated: cooked_meat_1 inside the grill at close(grill_lid) after it was cooked | HC-grill violated: cooked_meat_2 inside the grill at close(grill_lid) after it was cooked",hc_violation:2
no_where,FINAL.G1,8,plan_completed,Insertion,2,cooked_meat_1 overcooked: inside the grill during a close->reopen cycle after it was cooked | cooked_meat_2 overcooked: inside the grill during a close->reopen cycle after it was cooked | HC-grill violated: cooked_meat_1 inside the grill at close(grill_lid) after it was cooked | HC-grill violated: cooked_meat_2 inside the grill at close(grill_lid) after it was cooked,hc_violation:2
no_where,FINAL.G2,0,plan_completed,Insertion,7,cooked_meat_1 overcooked: inside the grill during a close->reopen cycle after it was cooked | raw_meat_1 overcooked: inside the grill during a close->reopen cycle after it was cooked | raw_meat_2 overcooked: inside the grill during a close->reopen cycle after it was cooked | HC-grill violated: cooked_meat_1 inside the grill at close(grill_lid) after it was cooked,orphan_place:3 placement_failed:2 hc_violation:1
no_where,FINAL.G2,1,plan_completed,Insertion,5,cooked_meat_1 overcooked: inside the grill during a close->reopen cycle after it was cooked | raw_meat_1 overcooked: inside the grill during a close->reopen cycle after it was cooked | raw_meat_2 overcooked: inside the grill during a close->reopen cycle after it was cooked | HC-grill violated: cooked_meat_1 inside the grill at close(grill_lid) after it was cooked,orphan_place:2 hc_violation:1 placement_failed:1
no_where,FINAL.G2,2,plan_completed,Task plan,3,"plate is in dish_rack, expected serving_area",unknown_action_token:1
no_where,FINAL.G2,3,plan_completed,Insertion,8,cooked_meat_1 overcooked: inside the grill during a close->reopen cycle after it was cooked | raw_meat_1 overcooked: inside the grill during a close->reopen cycle after it was cooked | raw_meat_2 overcooked: inside the grill during a close->reopen cycle after it was cooked | HC-grill violated: cooked_meat_1 inside the grill at close(grill_lid) after it was cooked,orphan_place:2 unknown_action_token:2 hc_violation:1 placement_failed:1
no_where,FINAL.G2,4,plan_completed,Insertion,9,cooked_meat_1 overcooked: inside the grill during a close->reopen cycle after it was cooked | raw_meat_1 overcooked: inside the grill during a close->reopen cycle after it was cooked | raw_meat_2 overcooked: inside the grill during a close->reopen cycle after it was cooked | HC-grill violated: cooked_meat_1 inside the grill at close(grill_lid) after it was cooked,unknown_action_token:2 hc_violation:1 placement_failed:1 orphan_place:1
no_where,FINAL.G2,5,plan_completed,Insertion,3,"plate is in dish_rack, expected serving_area | cooked_meat_1 overcooked: inside the grill during a close->reopen cycle after it was cooked | HC-grill violated: cooked_meat_1 inside the grill at close(grill_lid) after it was cooked",hc_violation:1 unknown_action_token:1
no_where,FINAL.G2,6,plan_completed,Insertion,2,raw_meat_2 overcooked: inside the grill during a close->reopen cycle after it was cooked,
no_where,FINAL.G2,7,plan_completed,Insertion,7,raw_meat_1 placed on plate_top before completing a cooking cycle,placement_failed:1 orphan_place:1
no_where,FINAL.G2,8,replan_budget_exhausted,budget <- Plan format: unknown_action_token,11,"raw_meat_1 is in inside_grill, expected plate_top | raw_meat_2 is in inside_grill, expected plate_top | cooked_meat_1 overcooked: inside the grill during a close->reopen cycle after it was cooked | raw_meat_1 overcooked: inside the grill during a close->reopen cycle after it was cooked | raw_meat_2 overcooked: inside the grill during a close->reopen cycle after it was cooked | HC-grill violated: cooked_meat_1 inside the grill at close(grill_lid) after it was cooked",unknown_action_token:3 placement_failed:2 hc_violation:1 pick_place_mismatch:1 orphan_place:1
no_where,FINAL.G3,0,plan_completed,Insertion,4,raw_meat_1 overcooked: inside the grill during a close->reopen cycle after it was cooked | raw_meat_2 overcooked: inside the grill during a close->reopen cycle after it was cooked | raw_meat_3 overcooked: inside the grill during a close->reopen cycle after it was cooked,placement_failed:1 orphan_place:1
no_where,FINAL.G3,2,replan_budget_exhausted,budget <- Plan rules: orphan_place,11,"raw_meat_1 is in inside_grill, expected plate_top | raw_meat_2 is in inside_grill, expected plate_top | raw_meat_3 is in inside_grill, expected plate_top | raw_meat_1 placed on plate_top before completing a cooking cycle | raw_meat_2 placed on plate_top before completing a cooking cycle | raw_meat_3 never completed a cooking cycle",orphan_place:4 placement_failed:2
no_where,FINAL.G3,4,replan_budget_exhausted,budget <- Motion / grasp: placement_failed,11,"raw_meat_3 is in inside_grill, expected plate_top | raw_meat_1 never completed a cooking cycle | raw_meat_2 placed on plate_top before completing a cooking cycle | raw_meat_3 placed on plate_top before completing a cooking cycle",placement_failed:4 orphan_place:1 repeated_planner_output:1
no_where,FINAL.G3,9,plan_completed,Insertion,8,raw_meat_1 overcooked: inside the grill during a close->reopen cycle after it was cooked | raw_meat_2 overcooked: inside the grill during a close->reopen cycle after it was cooked | raw_meat_3 overcooked: inside the grill during a close->reopen cycle after it was cooked,placement_failed:2 orphan_place:2
previous_system,FINAL.K0,0,plan_completed,Task plan,2,"mug1 is in table, expected inside_box",placement_failed:1
previous_system,FINAL.K0,1,plan_completed,Task plan,5,"mug2 is in pantry_area, expected inside_box",orphan_place:2 placement_failed:1 pick_object_missing:1
previous_system,FINAL.K1,0,plan_completed,Task plan,3,phone is in the inside_box placement area | HC-box violated: mug1 placed into the box before phone was cleared,hc_violation:1 placement_failed:1
previous_system,FINAL.K1,1,plan_completed,Task plan,4,phone is in the inside_box placement area | HC-box violated: mug2 placed into the box before phone was cleared,hc_violation:1 placement_failed:1 orphan_place:1
previous_system,FINAL.K2,1,plan_completed,Task plan,4,"mug2 is in pantry_area, expected inside_box",placement_failed:1 pick_object_missing:1
previous_system,FINAL.K3,1,plan_completed,Task plan,3,"mug2 is in pantry_area, expected inside_box",placement_failed:1
previous_system,FINAL.K4,1,plan_completed,Task plan,3,"mug2 is in pantry_area, expected inside_box",placement_failed:1
previous_system,FINAL.K3-n2,1,plan_completed,Task plan,3,"mug2 is in pantry_area, expected inside_box | HC-box violated: mug1 placed into the box before can_of_beans was cleared | HC-box violated: mug1 placed into the box before can_of_beans_2 was cleared",hc_violation:2 placement_failed:1
previous_system,FINAL.K1-w1,0,plan_completed,Task plan,4,phone is in the inside_box placement area | HC-box violated: mug1 placed into the box before phone was cleared,hc_violation:1 placement_failed:1 orphan_place:1
previous_system,FINAL.K1-w1,1,plan_completed,Task plan,2,phone is in the inside_box placement area | HC-box violated: mug1 placed into the box before phone was cleared,hc_violation:1
previous_system,FINAL.K1-w2,0,plan_completed,Task plan,3,phone is in the inside_box placement area | HC-box violated: mug1 placed into the box before phone was cleared,hc_violation:1 placement_failed:1
previous_system,FINAL.K1-w2,1,plan_completed,Task plan,2,phone is in the inside_box placement area | HC-box violated: mug1 placed into the box before phone was cleared,hc_violation:1
previous_system,FINAL.G0,0,plan_completed,Insertion,1,raw_meat_1 placed on plate_top before completing a cooking cycle,
previous_system,FINAL.G1,0,plan_completed,Insertion,3,"cooked_meat_2 is in dish_rack, expected plate_top | cooked_meat_1 overcooked: inside the grill during a close->reopen cycle after it was cooked | cooked_meat_2 overcooked: inside the grill during a close->reopen cycle after it was cooked | raw_meat_1 overcooked: inside the grill during a close->reopen cycle after it was cooked | HC-grill violated: cooked_meat_1 inside the grill at close(grill_lid) after it was cooked | HC-grill violated: cooked_meat_2 inside the grill at close(grill_lid) after it was cooked",hc_violation:2 placement_failed:1
previous_system,FINAL.G1,1,plan_completed,Insertion,4,raw_meat_1 placed on plate_top before completing a cooking cycle,placement_failed:1 orphan_place:1
previous_system,FINAL.G2,0,plan_completed,Insertion,3,cooked_meat_1 overcooked: inside the grill during a close->reopen cycle after it was cooked | HC-grill violated: cooked_meat_1 inside the grill at close(grill_lid) after it was cooked,hc_violation:1 unknown_action_token:1
previous_system,FINAL.G2,1,plan_completed,Insertion,2,"cooked_meat_1 is in inside_grill, expected plate_top | raw_meat_2 is in inside_grill, expected plate_top | cooked_meat_1 overcooked: inside the grill during a close->reopen cycle after it was cooked | HC-grill violated: cooked_meat_1 inside the grill at close(grill_lid) after it was cooked",hc_violation:1
previous_system,FINAL.G3,0,replan_budget_exhausted,budget <- Plan rules: orphan_place,11,"raw_meat_1 is in inside_grill, expected plate_top | raw_meat_3 is in inside_grill, expected plate_top | raw_meat_1 overcooked: inside the grill during a close->reopen cycle after it was cooked | raw_meat_2 overcooked: inside the grill during a close->reopen cycle after it was cooked | raw_meat_3 overcooked: inside the grill during a close->reopen cycle after it was cooked",orphan_place:7 placement_failed:3
previous_system,FINAL.G3,1,plan_completed,Insertion,2,raw_meat_1 placed on plate_top before completing a cooking cycle | raw_meat_2 placed on plate_top before completing a cooking cycle | raw_meat_3 placed on plate_top before completing a cooking cycle,
previous_system,FINAL.G1-n1,0,plan_completed,Insertion,4,"cooked_meat_1 is in inside_grill, expected plate_top | raw_meat_1 is in dish_rack, expected plate_top | cooked_meat_1 overcooked: inside the grill during a close->reopen cycle after it was cooked | HC-grill violated: cooked_meat_1 inside the grill at close(grill_lid) after it was cooked",pick_place_mismatch:2 hc_violation:1
previous_system,FINAL.G1-n1,1,plan_completed,Task plan,2,"plate is in dish_rack, expected serving_area",
