label,variant,seed,attempt,success,pgc,conditions,unmet,hc_violations,planner_calls,planner_time_s,trial_time_s,termination_reason
kitchen_zs_fixed_end,FINAL.G1,0,1,1,1.0,7,0,0,6,852.42,945.34,plan_completed
kitchen_zs_fixed_end,FINAL.G1,1,1,0,0.5714,7,3,2,10,1429.33,1575.69,plan_completed
kitchen_zs_fixed_end,FINAL.G1,2,1,0,0.5714,7,3,2,11,1465.18,1553.67,replan_budget_exhausted
kitchen_zs_fixed_end,FINAL.G1,3,1,0,0.5714,7,3,2,7,766.64,896.22,plan_completed
kitchen_zs_fixed_end,FINAL.G1,4,1,0,0.5714,7,3,2,9,878.25,973.85,plan_completed
kitchen_zs_fixed_end,FINAL.G1,5,1,0,0.7143,7,2,2,2,327.41,406.36,plan_completed
kitchen_zs_fixed_end,FINAL.G1,6,1,0,0.7143,7,2,2,2,204.45,291.15,plan_completed
kitchen_zs_fixed_end,FINAL.G1,7,1,0,0.7143,7,2,2,2,431.09,510.71,plan_completed
kitchen_zs_fixed_end,FINAL.G1,8,1,0,0.5714,7,3,2,6,619.21,752.66,plan_completed
kitchen_zs_fixed_end,FINAL.G1,9,1,0,0.8571,7,1,0,5,633.3,728.09,plan_completed
kitchen_zs_fixed_end,FINAL.G2,0,1,0,0.5714,7,3,1,8,1243.77,1374.35,plan_completed
kitchen_zs_fixed_end,FINAL.G2,1,1,0,0.5714,7,3,1,11,1592.37,1716.45,replan_budget_exhausted
kitchen_zs_fixed_end,FINAL.G2,2,1,0,0.7143,7,2,1,4,569.99,648.64,plan_completed
kitchen_zs_fixed_end,FINAL.G2,3,1,0,0.5714,7,3,0,11,1619.35,1750.04,plan_completed
kitchen_zs_fixed_end,FINAL.G2,4,1,0,0.4286,7,4,0,11,1226.27,1336.06,replan_budget_exhausted
kitchen_zs_fixed_end,FINAL.G2,5,1,0,0.5714,7,3,0,11,1475.77,1563.73,replan_budget_exhausted
kitchen_zs_fixed_end,FINAL.G2,6,1,0,0.4286,7,4,1,10,1542.3,1674.34,plan_completed
kitchen_zs_fixed_end,FINAL.G2,7,1,0,0.2857,7,5,1,11,1456.26,1663.52,replan_budget_exhausted
kitchen_zs_fixed_end,FINAL.G2,8,1,0,0.2857,7,5,1,5,758.64,875.46,plan_completed
kitchen_zs_fixed_end,FINAL.G2,9,1,0,0.7143,7,2,1,4,627.71,706.56,plan_completed
kitchen_zs_fixed_end,FINAL.G3,0,1,0,0.4286,7,4,0,11,1301.25,1350.3,replan_budget_exhausted
kitchen_zs_fixed_end,FINAL.G3,1,1,1,1.0,7,0,0,3,507.1,593.8,plan_completed
kitchen_zs_fixed_end,FINAL.G3,2,1,0,0.5714,7,3,0,11,1429.13,1493.9,replan_budget_exhausted
kitchen_zs_fixed_end,FINAL.G3,3,1,0,0.4286,7,4,0,11,1487.9,1553.58,replan_budget_exhausted
kitchen_zs_fixed_end,FINAL.G3,4,1,1,1.0,7,0,0,2,270.09,348.33,plan_completed
kitchen_zs_fixed_end,FINAL.G3,5,1,1,1.0,7,0,0,3,460.53,539.44,plan_completed
kitchen_zs_fixed_end,FINAL.G3,6,1,0,0.2857,7,5,0,11,1305.03,1406.48,replan_budget_exhausted
kitchen_zs_fixed_end,FINAL.G3,7,1,0,0.5714,7,3,0,11,1357.33,1522.33,plan_completed
kitchen_zs_fixed_end,FINAL.G3,8,1,0,0.4286,7,4,0,11,1281.28,1339.62,replan_budget_exhausted
kitchen_zs_fixed_end,FINAL.G3,9,1,0,0.7143,7,2,0,11,1159.85,1248.61,replan_budget_exhausted
kitchen_zs_fixed_end,FINAL.K1,0,1,0,0.0,6,6,1,11,907.03,925.36,replan_budget_exhausted
kitchen_zs_fixed_end,FINAL.K1,1,1,0,0.0,6,6,1,11,1005.14,1022.27,replan_budget_exhausted
kitchen_zs_fixed_end,FINAL.K1,2,1,0,0.0,6,6,1,11,843.24,861.7,replan_budget_exhausted
kitchen_zs_fixed_end,FINAL.K1,3,1,0,0.0,6,6,1,11,1067.26,1087.25,replan_budget_exhausted
kitchen_zs_fixed_end,FINAL.K1,4,1,0,0.0,6,6,1,11,929.44,946.77,replan_budget_exhausted
kitchen_zs_fixed_end,FINAL.K1,5,1,0,0.0,6,6,1,11,1012.1,1031.3,replan_budget_exhausted
kitchen_zs_fixed_end,FINAL.K1,6,1,0,0.0,6,6,1,11,963.44,982.66,replan_budget_exhausted
kitchen_zs_fixed_end,FINAL.K1,7,1,0,0.0,6,6,1,11,766.2,787.75,replan_budget_exhausted
kitchen_zs_fixed_end,FINAL.K1,8,1,0,0.0,6,6,1,11,696.07,713.64,replan_budget_exhausted
kitchen_zs_fixed_end,FINAL.K1,9,1,0,0.0,6,6,1,11,789.18,806.36,replan_budget_exhausted
kitchen_zs_fixed_end,FINAL.K2,0,1,1,1.0,6,0,0,3,288.66,359.49,plan_completed
kitchen_zs_fixed_end,FINAL.K2,1,1,1,1.0,6,0,0,4,452.5,525.23,plan_completed
kitchen_zs_fixed_end,FINAL.K2,2,1,1,1.0,6,0,0,2,278.85,352.65,plan_completed
kitchen_zs_fixed_end,FINAL.K2,3,1,1,1.0,6,0,0,2,209.57,284.48,plan_completed
kitchen_zs_fixed_end,FINAL.K2,4,1,1,1.0,6,0,0,3,370.5,441.14,plan_completed
kitchen_zs_fixed_end,FINAL.K2,5,1,1,1.0,6,0,0,1,104.37,175.05,plan_completed
kitchen_zs_fixed_end,FINAL.K2,6,1,1,1.0,6,0,0,1,106.24,177.74,plan_completed
kitchen_zs_fixed_end,FINAL.K2,7,1,1,1.0,6,0,0,1,69.99,140.08,plan_completed
kitchen_zs_fixed_end,FINAL.K2,8,1,1,1.0,6,0,0,1,125.03,195.07,plan_completed
kitchen_zs_fixed_end,FINAL.K2,9,1,1,1.0,6,0,0,4,430.1,503.06,plan_completed
kitchen_zs_fixed_end,FINAL.K3,0,1,0,0.0,6,6,1,11,742.72,761.87,replan_budget_exhausted
kitchen_zs_fixed_end,FINAL.K3,1,1,0,0.0,6,6,1,11,922.52,940.99,replan_budget_exhausted
kitchen_zs_fixed_end,FINAL.K3,2,1,0,0.0,6,6,1,11,1105.74,1125.57,replan_budget_exhausted
kitchen_zs_fixed_end,FINAL.K3,3,1,0,0.0,6,6,1,11,853.64,873.17,replan_budget_exhausted
kitchen_zs_fixed_end,FINAL.K3,4,1,1,1.0,6,0,1,3,395.48,525.54,plan_completed
kitchen_zs_fixed_end,FINAL.K3,5,1,0,0.0,6,6,1,11,768.17,789.62,replan_budget_exhausted
kitchen_zs_fixed_end,FINAL.K3,6,1,0,0.0,6,6,1,11,788.72,809.47,replan_budget_exhausted
kitchen_zs_fixed_end,FINAL.K3,7,1,0,0.0,6,6,1,11,857.75,878.47,replan_budget_exhausted
kitchen_zs_fixed_end,FINAL.K3,8,1,0,0.0,6,6,1,11,760.07,779.76,replan_budget_exhausted
kitchen_zs_fixed_end,FINAL.K3,9,1,0,0.0,6,6,1,11,991.46,1010.77,replan_budget_exhausted
kitchen_zs_fixed_end,FINAL.K4,0,1,1,1.0,6,0,0,5,374.02,435.42,plan_completed
kitchen_zs_fixed_end,FINAL.K4,1,1,1,1.0,6,0,0,4,571.35,642.55,plan_completed
kitchen_zs_fixed_end,FINAL.K4,2,1,1,1.0,6,0,0,4,366.73,445.79,plan_completed
kitchen_zs_fixed_end,FINAL.K4,3,1,1,1.0,6,0,0,2,182.5,252.95,plan_completed
kitchen_zs_fixed_end,FINAL.K4,4,1,1,1.0,6,0,0,2,210.05,281.5,plan_completed
kitchen_zs_fixed_end,FINAL.K4,5,1,1,1.0,6,0,0,2,286.19,349.15,plan_completed
kitchen_zs_fixed_end,FINAL.K4,6,1,1,1.0,6,0,0,2,213.11,276.64,plan_completed
kitchen_zs_fixed_end,FINAL.K4,7,1,1,1.0,6,0,0,2,142.87,206.67,plan_completed
kitchen_zs_fixed_end,FINAL.K4,8,1,1,1.0,6,0,0,2,162.62,224.88,plan_completed
kitchen_zs_fixed_end,FINAL.K4,9,1,1,1.0,6,0,0,3,378.5,448.15,plan_completed
kitchen_zs_fixed_front,FINAL.G1,0,1,0,0.8571,7,1,0,6,860.18,994.45,plan_completed
kitchen_zs_fixed_front,FINAL.G1,1,1,1,1.0,7,0,0,2,219.96,308.94,plan_completed
kitchen_zs_fixed_front,FINAL.G1,2,1,0,0.7143,7,2,0,11,1085.33,1222.76,replan_budget_exhausted
kitchen_zs_fixed_front,FINAL.G1,3,1,0,0.8571,7,1,0,11,1008.27,1135.17,replan_budget_exhausted
kitchen_zs_fixed_front,FINAL.G1,4,1,1,1.0,7,0,0,2,347.26,428.92,plan_completed
kitchen_zs_fixed_front,FINAL.G1,5,1,1,1.0,7,0,0,7,891.82,999.42,plan_completed
kitchen_zs_fixed_front,FINAL.G1,6,1,1,1.0,7,0,0,11,1731.02,1827.69,plan_completed
kitchen_zs_fixed_front,FINAL.G1,7,1,0,0.5714,7,3,0,4,440.24,490.64,plan_completed
kitchen_zs_fixed_front,FINAL.G1,8,1,0,0.8571,7,1,1,4,708.62,789.18,plan_completed
kitchen_zs_fixed_front,FINAL.G1,9,1,1,1.0,7,0,0,4,680.65,769.03,plan_completed
kitchen_zs_fixed_front,FINAL.G2,0,1,0,0.8571,7,1,0,9,1415.53,1554.23,plan_completed
kitchen_zs_fixed_front,FINAL.G2,1,1,1,1.0,7,0,0,9,1582.55,1680.47,plan_completed
kitchen_zs_fixed_front,FINAL.G2,2,1,0,0.5714,7,3,0,5,1026.12,1125.57,plan_completed
kitchen_zs_fixed_front,FINAL.G2,3,1,0,0.8571,7,1,0,7,1033.68,1146.29,plan_completed
kitchen_zs_fixed_front,FINAL.G2,4,1,0,0.5714,7,3,0,10,1315.38,1466.87,plan_completed
kitchen_zs_fixed_front,FINAL.G2,5,1,0,0.2857,7,5,0,11,1381.07,1426.63,replan_budget_exhausted
kitchen_zs_fixed_front,FINAL.G2,6,1,0,0.7143,7,2,0,4,743.52,839.9,plan_completed
kitchen_zs_fixed_front,FINAL.G2,7,1,0,0.4286,7,4,0,11,1574.07,1668.38,replan_budget_exhausted
kitchen_zs_fixed_front,FINAL.G2,8,1,0,0.5714,7,3,0,4,655.49,752.21,plan_completed
kitchen_zs_fixed_front,FINAL.G2,9,1,0,0.4286,7,4,0,5,704.24,790.79,plan_completed
kitchen_zs_fixed_front,FINAL.G3,0,1,0,0.1429,7,6,0,11,1615.12,1698.14,replan_budget_exhausted
kitchen_zs_fixed_front,FINAL.G3,1,1,0,0.7143,7,2,0,3,393.99,469.55,plan_completed
kitchen_zs_fixed_front,FINAL.G3,2,1,0,0.8571,7,1,0,10,1286.61,1430.04,plan_completed
kitchen_zs_fixed_front,FINAL.G3,3,1,0,0.4286,7,4,0,11,1818.53,1984.77,replan_budget_exhausted
kitchen_zs_fixed_front,FINAL.G3,4,1,0,0.1429,7,6,0,11,1499.25,1562.23,replan_budget_exhausted
kitchen_zs_fixed_front,FINAL.G3,5,1,0,0.4286,7,4,0,11,1803.7,1909.49,replan_budget_exhausted
kitchen_zs_fixed_front,FINAL.G3,6,1,0,0.2857,7,5,0,11,1546.22,1633.42,replan_budget_exhausted
kitchen_zs_fixed_front,FINAL.G3,7,1,0,0.1429,7,6,0,11,1225.94,1347.49,replan_budget_exhausted
kitchen_zs_fixed_front,FINAL.G3,8,1,0,0.2857,7,5,0,11,1428.37,1509.28,replan_budget_exhausted
kitchen_zs_fixed_front,FINAL.G3,9,1,0,0.1429,7,6,0,11,1180.52,1216.92,replan_budget_exhausted
kitchen_zs_fixed_front,FINAL.K1,0,1,0,0.3333,6,4,1,11,909.66,955.55,replan_budget_exhausted
kitchen_zs_fixed_front,FINAL.K1,1,1,1,1.0,6,0,0,7,672.69,755.95,plan_completed
kitchen_zs_fixed_front,FINAL.K1,2,1,1,1.0,6,0,0,6,673.19,759.59,plan_completed
kitchen_zs_fixed_front,FINAL.K1,3,1,0,0.0,6,6,1,11,1022.2,1041.6,replan_budget_exhausted
kitchen_zs_fixed_front,FINAL.K1,4,1,1,1.0,6,0,0,5,496.73,585.31,plan_completed
kitchen_zs_fixed_front,FINAL.K1,5,1,1,1.0,6,0,0,3,264.55,360.09,plan_completed
kitchen_zs_fixed_front,FINAL.K1,6,1,1,1.0,6,0,0,5,461.53,546.68,plan_completed
kitchen_zs_fixed_front,FINAL.K1,7,1,1,1.0,6,0,0,4,368.5,462.11,plan_completed
kitchen_zs_fixed_front,FINAL.K1,8,1,1,1.0,6,0,0,4,335.09,414.31,plan_completed
kitchen_zs_fixed_front,FINAL.K1,9,1,1,1.0,6,0,0,6,524.36,604.67,plan_completed
kitchen_zs_fixed_front,FINAL.K2,0,1,1,1.0,6,0,0,4,403.15,475.53,plan_completed
kitchen_zs_fixed_front,FINAL.K2,1,1,0,0.5,6,3,0,11,841.55,884.43,replan_budget_exhausted
kitchen_zs_fixed_front,FINAL.K2,2,1,1,1.0,6,0,0,3,259.75,345.14,plan_completed
kitchen_zs_fixed_front,FINAL.K2,3,1,1,1.0,6,0,0,1,138.95,211.7,plan_completed
kitchen_zs_fixed_front,FINAL.K2,4,1,1,1.0,6,0,0,3,319.44,397.78,plan_completed
kitchen_zs_fixed_front,FINAL.K2,5,1,1,1.0,6,0,0,1,100.93,177.79,plan_completed
kitchen_zs_fixed_front,FINAL.K2,6,1,1,1.0,6,0,0,1,90.38,162.16,plan_completed
kitchen_zs_fixed_front,FINAL.K2,7,1,1,1.0,6,0,0,1,103.98,178.39,plan_completed
kitchen_zs_fixed_front,FINAL.K2,8,1,1,1.0,6,0,0,2,220.79,295.44,plan_completed
kitchen_zs_fixed_front,FINAL.K2,9,1,1,1.0,6,0,0,2,209.41,278.21,plan_completed
kitchen_zs_fixed_front,FINAL.K3,0,1,1,1.0,6,0,0,4,264.54,354.62,plan_completed
kitchen_zs_fixed_front,FINAL.K3,1,1,1,1.0,6,0,0,3,293.07,386.76,plan_completed
kitchen_zs_fixed_front,FINAL.K3,2,1,1,1.0,6,0,0,3,379.56,467.31,plan_completed
kitchen_zs_fixed_front,FINAL.K3,3,1,1,1.0,6,0,0,4,429.12,521.88,plan_completed
kitchen_zs_fixed_front,FINAL.K3,4,1,1,1.0,6,0,0,2,202.13,297.27,plan_completed
kitchen_zs_fixed_front,FINAL.K3,5,1,1,1.0,6,0,0,2,129.57,229.58,plan_completed
kitchen_zs_fixed_front,FINAL.K3,6,1,1,1.0,6,0,0,2,158.73,247.89,plan_completed
kitchen_zs_fixed_front,FINAL.K3,7,1,1,1.0,6,0,0,2,190.68,290.38,plan_completed
kitchen_zs_fixed_front,FINAL.K3,8,1,1,1.0,6,0,0,3,241.95,334.03,plan_completed
kitchen_zs_fixed_front,FINAL.K3,9,1,1,1.0,6,0,0,4,559.38,652.51,plan_completed
kitchen_zs_fixed_front,FINAL.K4,0,1,1,1.0,6,0,0,3,352.63,419.87,plan_completed
kitchen_zs_fixed_front,FINAL.K4,1,1,1,1.0,6,0,0,5,588.22,667.89,plan_completed
kitchen_zs_fixed_front,FINAL.K4,2,1,1,1.0,6,0,0,4,441.22,524.86,plan_completed
kitchen_zs_fixed_front,FINAL.K4,3,1,1,1.0,6,0,0,3,266.87,337.33,plan_completed
kitchen_zs_fixed_front,FINAL.K4,4,1,1,1.0,6,0,0,3,382.58,479.6,plan_completed
kitchen_zs_fixed_front,FINAL.K4,5,1,1,1.0,6,0,0,2,183.52,252.51,plan_completed
kitchen_zs_fixed_front,FINAL.K4,6,1,1,1.0,6,0,0,2,271.07,340.66,plan_completed
kitchen_zs_fixed_front,FINAL.K4,7,1,0,0.5,6,3,0,11,940.57,982.9,replan_budget_exhausted
kitchen_zs_fixed_front,FINAL.K4,8,1,1,1.0,6,0,0,2,300.15,366.62,plan_completed
kitchen_zs_fixed_front,FINAL.K4,9,1,1,1.0,6,0,0,6,786.68,855.64,plan_completed
kitchen_zs_no_if,FINAL.G1,0,1,1,1.0,7,0,0,3,341.5,427.44,plan_completed
kitchen_zs_no_if,FINAL.G1,1,1,1,1.0,7,0,0,2,237.04,329.09,plan_completed
kitchen_zs_no_if,FINAL.G1,2,1,0,0.8571,7,1,0,2,344.2,392.85,plan_completed
kitchen_zs_no_if,FINAL.G1,3,1,0,0.5714,7,3,2,5,583.04,715.45,plan_completed
kitchen_zs_no_if,FINAL.G1,4,1,0,0.5714,7,3,0,4,540.58,618.87,plan_completed
kitchen_zs_no_if,FINAL.G1,5,1,0,0.8571,7,1,0,3,344.52,410.39,plan_completed
kitchen_zs_no_if,FINAL.G1,6,1,1,1.0,7,0,0,3,420.29,498.42,plan_completed
kitchen_zs_no_if,FINAL.G1,7,1,0,0.5714,7,3,0,5,626.27,709.64,plan_completed
kitchen_zs_no_if,FINAL.G1,8,1,0,0.7143,7,2,0,4,523.46,575.06,plan_completed
kitchen_zs_no_if,FINAL.G1,9,1,1,1.0,7,0,0,3,295.09,387.37,plan_completed
kitchen_zs_no_if,FINAL.G2,0,1,0,0.4286,7,4,1,3,625.8,711.2,plan_completed
kitchen_zs_no_if,FINAL.G2,1,1,0,0.8571,7,1,0,2,352.54,443.33,plan_completed
kitchen_zs_no_if,FINAL.G2,2,1,0,0.1429,7,6,0,11,1324.18,1493.63,plan_completed
kitchen_zs_no_if,FINAL.G2,3,1,0,0.5714,7,3,0,6,729.66,802.56,replan_loop
kitchen_zs_no_if,FINAL.G2,4,1,0,0.8571,7,1,1,6,1136.2,1223.77,plan_completed
kitchen_zs_no_if,FINAL.G2,5,1,0,0.5714,7,3,0,6,886.25,930.24,plan_completed
kitchen_zs_no_if,FINAL.G2,6,1,0,0.1429,7,6,0,7,1025.55,1183.56,plan_completed
kitchen_zs_no_if,FINAL.G2,7,1,0,0.2857,7,5,0,5,662.95,793.06,plan_completed
kitchen_zs_no_if,FINAL.G2,8,1,1,1.0,7,0,0,4,712.76,790.43,plan_completed
kitchen_zs_no_if,FINAL.G2,9,1,0,0.4286,7,4,0,7,741.1,800.12,plan_completed
kitchen_zs_no_if,FINAL.G3,0,1,1,1.0,7,0,0,4,614.43,694.91,plan_completed
kitchen_zs_no_if,FINAL.G3,1,1,0,0.2857,7,5,0,11,1058.48,1185.22,replan_budget_exhausted
kitchen_zs_no_if,FINAL.G3,2,1,0,0.4286,7,4,0,7,985.44,1076.31,plan_completed
kitchen_zs_no_if,FINAL.G3,3,1,0,0.4286,7,4,0,5,581.19,661.19,plan_completed
kitchen_zs_no_if,FINAL.G3,4,1,0,0.5714,7,3,0,5,599.5,749.91,plan_completed
kitchen_zs_no_if,FINAL.G3,5,1,0,0.8571,7,1,0,3,499.25,582.33,plan_completed
kitchen_zs_no_if,FINAL.G3,6,1,0,0.8571,7,1,0,9,1067.75,1197.4,plan_completed
kitchen_zs_no_if,FINAL.G3,7,1,0,0.4286,7,4,0,8,990.59,1081.99,plan_completed
kitchen_zs_no_if,FINAL.G3,8,1,0,0.2857,7,5,0,11,1338.91,1457.87,replan_budget_exhausted
kitchen_zs_no_if,FINAL.G3,9,1,0,0.4286,7,4,0,4,430.02,539.45,plan_completed
kitchen_zs_no_if,FINAL.K1,0,1,0,0.6667,6,2,1,10,1054.45,1125.07,plan_completed
kitchen_zs_no_if,FINAL.K1,1,1,1,1.0,6,0,0,4,392.51,475.76,plan_completed
kitchen_zs_no_if,FINAL.K1,2,1,1,1.0,6,0,0,4,330.76,418.64,plan_completed
kitchen_zs_no_if,FINAL.K1,3,1,1,1.0,6,0,0,8,643.49,730.78,plan_completed
kitchen_zs_no_if,FINAL.K1,4,1,1,1.0,6,0,0,5,406.03,491.91,plan_completed
kitchen_zs_no_if,FINAL.K1,5,1,1,1.0,6,0,0,3,233.17,317.4,plan_completed
kitchen_zs_no_if,FINAL.K1,6,1,1,1.0,6,0,0,5,346.49,433.44,plan_completed
kitchen_zs_no_if,FINAL.K1,7,1,1,1.0,6,0,0,5,452.38,545.65,plan_completed
kitchen_zs_no_if,FINAL.K1,8,1,1,1.0,6,0,0,3,226.55,311.62,plan_completed
kitchen_zs_no_if,FINAL.K1,9,1,1,1.0,6,0,0,7,683.96,763.12,plan_completed
kitchen_zs_no_if,FINAL.K2,0,1,1,1.0,6,0,0,6,551.1,578.57,plan_completed
kitchen_zs_no_if,FINAL.K2,1,1,1,1.0,6,0,0,11,652.83,670.02,replan_budget_exhausted
kitchen_zs_no_if,FINAL.K2,2,1,1,1.0,6,0,0,11,710.31,736.05,replan_budget_exhausted
kitchen_zs_no_if,FINAL.K2,3,1,1,1.0,6,0,0,11,659.28,682.34,replan_budget_exhausted
kitchen_zs_no_if,FINAL.K2,4,1,1,1.0,6,0,0,11,728.63,753.4,replan_budget_exhausted
kitchen_zs_no_if,FINAL.K2,5,1,1,1.0,6,0,0,11,727.73,747.76,replan_budget_exhausted
kitchen_zs_no_if,FINAL.K2,6,1,1,1.0,6,0,0,11,690.71,710.18,replan_loop
kitchen_zs_no_if,FINAL.K2,7,1,1,1.0,6,0,0,11,658.41,685.02,replan_budget_exhausted
kitchen_zs_no_if,FINAL.K2,8,1,1,1.0,6,0,0,11,608.66,626.77,replan_budget_exhausted
kitchen_zs_no_if,FINAL.K2,9,1,1,1.0,6,0,0,11,681.57,698.6,replan_budget_exhausted
kitchen_zs_no_if,FINAL.K3,0,1,1,1.0,6,0,0,4,287.91,375.86,plan_completed
kitchen_zs_no_if,FINAL.K3,1,1,1,1.0,6,0,0,4,444.3,542.19,plan_completed
kitchen_zs_no_if,FINAL.K3,2,1,1,1.0,6,0,0,4,476.79,569.39,plan_completed
kitchen_zs_no_if,FINAL.K3,3,1,1,1.0,6,0,0,3,374.77,464.7,plan_completed
kitchen_zs_no_if,FINAL.K3,4,1,1,1.0,6,0,1,2,264.46,395.74,plan_completed
kitchen_zs_no_if,FINAL.K3,5,1,1,1.0,6,0,0,2,156.88,253.73,plan_completed
kitchen_zs_no_if,FINAL.K3,6,1,1,1.0,6,0,0,2,188.69,279.68,plan_completed
kitchen_zs_no_if,FINAL.K3,7,1,1,1.0,6,0,0,2,172.18,274.37,plan_completed
kitchen_zs_no_if,FINAL.K3,8,1,0,0.8333,6,1,0,2,137.45,210.82,plan_completed
kitchen_zs_no_if,FINAL.K3,9,1,1,1.0,6,0,0,5,570.21,672.59,plan_completed
kitchen_zs_no_if,FINAL.K4,0,1,1,1.0,6,0,0,4,443.97,511.48,plan_completed
kitchen_zs_no_if,FINAL.K4,1,1,1,1.0,6,0,0,3,250.48,320.88,plan_completed
kitchen_zs_no_if,FINAL.K4,2,1,1,1.0,6,0,0,2,160.4,245.42,plan_completed
kitchen_zs_no_if,FINAL.K4,3,1,1,1.0,6,0,0,3,392.63,461.31,plan_completed
kitchen_zs_no_if,FINAL.K4,4,1,1,1.0,6,0,0,5,504.88,599.38,plan_completed
kitchen_zs_no_if,FINAL.K4,5,1,1,1.0,6,0,0,2,130.44,212.77,plan_completed
kitchen_zs_no_if,FINAL.K4,6,1,1,1.0,6,0,0,4,373.36,442.61,plan_completed
kitchen_zs_no_if,FINAL.K4,7,1,1,1.0,6,0,0,2,150.5,228.4,plan_completed
kitchen_zs_no_if,FINAL.K4,8,1,1,1.0,6,0,0,2,234.15,303.06,plan_completed
kitchen_zs_no_if,FINAL.K4,9,1,1,1.0,6,0,0,4,501.56,568.78,plan_completed
kitchen_zs_no_memory,FINAL.G1,0,1,1,1.0,7,0,0,2,163.17,249.13,plan_completed
kitchen_zs_no_memory,FINAL.G1,1,1,0,0.8571,7,1,0,4,473.18,593.34,plan_completed
kitchen_zs_no_memory,FINAL.G1,2,1,0,0.7143,7,2,2,3,400.37,490.55,plan_completed
kitchen_zs_no_memory,FINAL.G1,3,1,0,0.8571,7,1,0,10,1611.36,1702.82,plan_completed
kitchen_zs_no_memory,FINAL.G1,4,1,0,0.7143,7,2,0,6,745.83,867.47,plan_completed
kitchen_zs_no_memory,FINAL.G1,5,1,0,0.7143,7,2,2,3,456.83,537.25,plan_completed
kitchen_zs_no_memory,FINAL.G1,6,1,0,0.8571,7,1,0,3,288.91,369.9,plan_completed
kitchen_zs_no_memory,FINAL.G1,7,1,0,0.2857,7,5,2,11,1262.98,1418.47,replan_budget_exhausted
kitchen_zs_no_memory,FINAL.G1,8,1,1,1.0,7,0,0,2,205.59,284.57,plan_completed
kitchen_zs_no_memory,FINAL.G1,9,1,0,0.8571,7,1,0,11,861.1,1014.58,plan_completed
kitchen_zs_no_memory,FINAL.G2,0,1,0,0.8571,7,1,0,2,347.42,419.15,plan_completed
kitchen_zs_no_memory,FINAL.G2,1,1,0,0.4286,7,4,0,11,1075.39,1154.48,replan_budget_exhausted
kitchen_zs_no_memory,FINAL.G2,2,1,0,0.8571,7,1,0,3,382.88,460.16,plan_completed
kitchen_zs_no_memory,FINAL.G2,3,1,0,0.4286,7,4,0,11,1055.32,1165.29,replan_budget_exhausted
kitchen_zs_no_memory,FINAL.G2,4,1,0,0.4286,7,4,0,11,1250.01,1345.47,replan_budget_exhausted
kitchen_zs_no_memory,FINAL.G2,5,1,0,0.7143,7,2,0,4,383.56,470.44,plan_completed
kitchen_zs_no_memory,FINAL.G2,6,1,0,0.5714,7,3,0,11,1043.65,1162.09,replan_budget_exhausted
kitchen_zs_no_memory,FINAL.G2,7,1,1,1.0,7,0,0,7,1208.31,1291.19,plan_completed
kitchen_zs_no_memory,FINAL.G2,8,1,1,1.0,7,0,0,4,627.38,707.46,plan_completed
kitchen_zs_no_memory,FINAL.G2,9,1,1,1.0,7,0,0,5,726.13,802.76,plan_completed
kitchen_zs_no_memory,FINAL.G3,0,1,0,0.7143,7,2,0,9,1060.35,1134.88,replan_loop
kitchen_zs_no_memory,FINAL.G3,1,1,0,0.2857,7,5,0,11,1488.44,1574.28,replan_budget_exhausted
kitchen_zs_no_memory,FINAL.G3,2,1,0,0.2857,7,5,0,11,1298.11,1375.93,replan_budget_exhausted
kitchen_zs_no_memory,FINAL.G3,3,1,0,0.2857,7,5,0,11,1560.42,1625.14,replan_budget_exhausted
kitchen_zs_no_memory,FINAL.G3,4,1,0,0.2857,7,5,0,7,799.85,841.91,replan_loop
kitchen_zs_no_memory,FINAL.G3,5,1,0,0.1429,7,6,0,5,721.6,924.82,plan_completed
kitchen_zs_no_memory,FINAL.G3,6,1,0,0.5714,7,3,0,9,1222.82,1424.58,plan_completed
kitchen_zs_no_memory,FINAL.G3,7,1,1,1.0,7,0,0,5,688.61,767.14,plan_completed
kitchen_zs_no_memory,FINAL.G3,8,1,0,0.1429,7,6,0,11,1241.72,1340.81,replan_budget_exhausted
kitchen_zs_no_memory,FINAL.G3,9,1,1,1.0,7,0,0,4,507.79,593.05,plan_completed
kitchen_zs_no_memory,FINAL.K1,0,1,1,1.0,6,0,1,11,911.95,1011.03,plan_completed
kitchen_zs_no_memory,FINAL.K1,1,1,0,0.8333,6,1,0,8,757.06,831.1,plan_completed
kitchen_zs_no_memory,FINAL.K1,2,1,1,1.0,6,0,0,5,415.3,496.09,plan_completed
kitchen_zs_no_memory,FINAL.K1,3,1,0,0.8333,6,1,0,8,576.94,646.19,plan_completed
kitchen_zs_no_memory,FINAL.K1,4,1,1,1.0,6,0,0,5,377.16,457.16,plan_completed
kitchen_zs_no_memory,FINAL.K1,5,1,1,1.0,6,0,0,7,493.38,581.56,plan_completed
kitchen_zs_no_memory,FINAL.K1,6,1,1,1.0,6,0,0,6,418.62,505.41,plan_completed
kitchen_zs_no_memory,FINAL.K1,7,1,1,1.0,6,0,0,3,242.9,325.91,plan_completed
kitchen_zs_no_memory,FINAL.K1,8,1,1,1.0,6,0,0,3,325.66,404.19,plan_completed
kitchen_zs_no_memory,FINAL.K1,9,1,1,1.0,6,0,0,11,899.35,975.92,plan_completed
kitchen_zs_no_memory,FINAL.K2,0,1,1,1.0,6,0,0,3,219.8,292.35,plan_completed
kitchen_zs_no_memory,FINAL.K2,1,1,0,0.8333,6,1,0,4,315.54,373.77,plan_completed
kitchen_zs_no_memory,FINAL.K2,2,1,1,1.0,6,0,0,4,381.24,463.48,plan_completed
kitchen_zs_no_memory,FINAL.K2,3,1,1,1.0,6,0,0,1,148.39,221.5,plan_completed
kitchen_zs_no_memory,FINAL.K2,4,1,1,1.0,6,0,0,2,195.61,265.4,plan_completed
kitchen_zs_no_memory,FINAL.K2,5,1,1,1.0,6,0,0,1,109.76,185.67,plan_completed
kitchen_zs_no_memory,FINAL.K2,6,1,1,1.0,6,0,0,1,95.55,166.32,plan_completed
kitchen_zs_no_memory,FINAL.K2,7,1,1,1.0,6,0,0,1,97.53,171.58,plan_completed
kitchen_zs_no_memory,FINAL.K2,8,1,1,1.0,6,0,0,1,84.26,152.83,plan_completed
kitchen_zs_no_memory,FINAL.K2,9,1,1,1.0,6,0,0,4,307.2,381.77,plan_completed
kitchen_zs_no_memory,FINAL.K3,0,1,1,1.0,6,0,0,5,441.38,530.94,plan_completed
kitchen_zs_no_memory,FINAL.K3,1,1,1,1.0,6,0,0,4,238.25,323.52,plan_completed
kitchen_zs_no_memory,FINAL.K3,2,1,1,1.0,6,0,0,4,345.91,431.22,plan_completed
kitchen_zs_no_memory,FINAL.K3,3,1,1,1.0,6,0,0,7,543.22,629.36,plan_completed
kitchen_zs_no_memory,FINAL.K3,4,1,1,1.0,6,0,1,3,264.47,346.78,plan_completed
kitchen_zs_no_memory,FINAL.K3,5,1,1,1.0,6,0,0,2,135.22,227.71,plan_completed
kitchen_zs_no_memory,FINAL.K3,6,1,1,1.0,6,0,0,2,162.0,251.62,plan_completed
kitchen_zs_no_memory,FINAL.K3,7,1,1,1.0,6,0,0,2,131.26,220.88,plan_completed
kitchen_zs_no_memory,FINAL.K3,8,1,1,1.0,6,0,0,5,462.42,551.86,plan_completed
kitchen_zs_no_memory,FINAL.K3,9,1,0,0.8333,6,1,0,5,444.32,517.62,plan_completed
kitchen_zs_no_memory,FINAL.K4,0,1,1,1.0,6,0,0,3,327.13,390.2,plan_completed
kitchen_zs_no_memory,FINAL.K4,1,1,0,0.8333,6,1,0,4,376.51,437.06,plan_completed
kitchen_zs_no_memory,FINAL.K4,2,1,1,1.0,6,0,0,4,304.78,387.2,plan_completed
kitchen_zs_no_memory,FINAL.K4,3,1,1,1.0,6,0,0,5,507.4,582.41,plan_completed
kitchen_zs_no_memory,FINAL.K4,4,1,1,1.0,6,0,0,3,210.7,293.88,plan_completed
kitchen_zs_no_memory,FINAL.K4,5,1,1,1.0,6,0,0,2,206.88,282.59,plan_completed
kitchen_zs_no_memory,FINAL.K4,6,1,1,1.0,6,0,0,3,319.61,385.36,plan_completed
kitchen_zs_no_memory,FINAL.K4,7,1,1,1.0,6,0,0,2,329.8,408.88,plan_completed
kitchen_zs_no_memory,FINAL.K4,8,1,1,1.0,6,0,0,2,200.57,265.42,plan_completed
kitchen_zs_no_memory,FINAL.K4,9,1,0,0.8333,6,1,0,4,349.15,412.71,plan_completed
kitchen_zs_no_when,FINAL.G1,0,1,0,0.2857,7,5,0,11,1373.76,1430.14,replan_budget_exhausted
kitchen_zs_no_when,FINAL.G1,1,1,0,0.7143,7,2,0,11,830.8,950.44,replan_budget_exhausted
kitchen_zs_no_when,FINAL.G1,2,1,0,0.7143,7,2,2,2,270.29,367.03,plan_completed
kitchen_zs_no_when,FINAL.G1,3,1,0,0.8571,7,1,0,5,455.51,566.59,plan_completed
kitchen_zs_no_when,FINAL.G1,4,1,0,0.8571,7,1,0,11,1397.39,1467.7,replan_budget_exhausted
kitchen_zs_no_when,FINAL.G1,5,1,1,1.0,7,0,0,2,185.24,281.27,plan_completed
kitchen_zs_no_when,FINAL.G1,6,1,1,1.0,7,0,0,2,205.9,303.81,plan_completed
kitchen_zs_no_when,FINAL.G1,7,1,0,0.8571,7,1,0,2,292.75,381.42,plan_completed
kitchen_zs_no_when,FINAL.G1,8,1,0,0.7143,7,2,2,4,548.36,649.8,plan_completed
kitchen_zs_no_when,FINAL.G1,9,1,0,0.8571,7,1,0,7,1003.96,1140.87,plan_completed
kitchen_zs_no_when,FINAL.G2,0,1,0,0.5714,7,3,0,8,1051.97,1187.36,plan_completed
kitchen_zs_no_when,FINAL.G2,1,1,0,0.5714,7,3,0,11,1512.04,1621.82,replan_budget_exhausted
kitchen_zs_no_when,FINAL.G2,2,1,0,0.0,7,7,1,11,1535.38,1707.49,replan_budget_exhausted
kitchen_zs_no_when,FINAL.G2,3,1,0,0.2857,7,5,0,11,1359.55,1462.75,replan_budget_exhausted
kitchen_zs_no_when,FINAL.G2,4,1,0,0.8571,7,1,1,3,458.47,568.98,plan_completed
kitchen_zs_no_when,FINAL.G2,5,1,0,0.8571,7,1,1,3,558.53,658.53,plan_completed
kitchen_zs_no_when,FINAL.G2,6,1,1,1.0,7,0,0,2,294.95,390.26,plan_completed
kitchen_zs_no_when,FINAL.G2,7,1,0,0.5714,7,3,0,11,1387.03,1490.15,replan_budget_exhausted
kitchen_zs_no_when,FINAL.G2,8,1,0,0.7143,7,2,1,4,530.72,677.43,plan_completed
kitchen_zs_no_when,FINAL.G2,9,1,0,0.5714,7,3,1,8,1361.9,1543.05,plan_completed
kitchen_zs_no_when,FINAL.G3,0,1,0,0.4286,7,4,0,11,1642.83,1802.87,replan_budget_exhausted
kitchen_zs_no_when,FINAL.G3,1,1,0,0.5714,7,3,0,11,1436.65,1649.57,plan_completed
kitchen_zs_no_when,FINAL.G3,2,1,1,1.0,7,0,0,6,921.66,1025.15,plan_completed
kitchen_zs_no_when,FINAL.G3,3,1,0,0.2857,7,5,0,11,1057.96,1187.05,replan_budget_exhausted
kitchen_zs_no_when,FINAL.G3,4,1,1,1.0,7,0,0,2,343.81,444.55,plan_completed
kitchen_zs_no_when,FINAL.G3,5,1,0,0.0,7,7,0,11,1279.92,1354.67,replan_budget_exhausted
kitchen_zs_no_when,FINAL.G3,6,1,0,0.8571,7,1,0,4,543.45,632.98,plan_completed
kitchen_zs_no_when,FINAL.G3,7,1,0,0.2857,7,5,0,11,1576.95,1686.07,replan_budget_exhausted
kitchen_zs_no_when,FINAL.G3,8,1,0,0.1429,7,6,0,11,1474.56,1515.03,replan_budget_exhausted
kitchen_zs_no_when,FINAL.G3,9,1,0,0.2857,7,5,0,11,1500.88,1611.88,replan_budget_exhausted
kitchen_zs_no_when,FINAL.K1,0,1,0,0.3333,6,4,1,11,886.33,931.56,replan_budget_exhausted
kitchen_zs_no_when,FINAL.K1,1,1,0,0.0,6,6,1,11,981.13,998.67,replan_budget_exhausted
kitchen_zs_no_when,FINAL.K1,2,1,1,1.0,6,0,0,5,361.05,446.09,plan_completed
kitchen_zs_no_when,FINAL.K1,3,1,1,1.0,6,0,0,9,807.73,895.73,plan_completed
kitchen_zs_no_when,FINAL.K1,4,1,1,1.0,6,0,0,4,335.6,421.33,plan_completed
kitchen_zs_no_when,FINAL.K1,5,1,1,1.0,6,0,0,3,254.05,348.68,plan_completed
kitchen_zs_no_when,FINAL.K1,6,1,1,1.0,6,0,0,3,258.23,345.4,plan_completed
kitchen_zs_no_when,FINAL.K1,7,1,1,1.0,6,0,0,7,601.79,698.86,plan_completed
kitchen_zs_no_when,FINAL.K1,8,1,1,1.0,6,0,0,3,270.98,357.45,plan_completed
kitchen_zs_no_when,FINAL.K1,9,1,0,0.3333,6,4,0,11,933.68,1002.8,replan_budget_exhausted
kitchen_zs_no_when,FINAL.K2,0,1,1,1.0,6,0,0,3,318.19,388.77,plan_completed
kitchen_zs_no_when,FINAL.K2,1,1,1,1.0,6,0,0,9,678.02,753.27,plan_completed
kitchen_zs_no_when,FINAL.K2,2,1,1,1.0,6,0,0,1,141.56,215.86,plan_completed
kitchen_zs_no_when,FINAL.K2,3,1,1,1.0,6,0,0,4,382.4,457.12,plan_completed
kitchen_zs_no_when,FINAL.K2,4,1,1,1.0,6,0,0,3,274.5,349.98,plan_completed
kitchen_zs_no_when,FINAL.K2,5,1,1,1.0,6,0,0,1,88.88,165.89,plan_completed
kitchen_zs_no_when,FINAL.K2,6,1,1,1.0,6,0,0,1,77.65,152.34,plan_completed
kitchen_zs_no_when,FINAL.K2,7,1,1,1.0,6,0,0,4,379.81,456.63,plan_completed
kitchen_zs_no_when,FINAL.K2,8,1,1,1.0,6,0,0,1,106.74,179.92,plan_completed
kitchen_zs_no_when,FINAL.K2,9,1,1,1.0,6,0,0,4,464.35,538.12,plan_completed
kitchen_zs_no_when,FINAL.K3,0,1,1,1.0,6,0,0,3,252.04,342.07,plan_completed
kitchen_zs_no_when,FINAL.K3,1,1,1,1.0,6,0,0,5,536.45,631.83,plan_completed
kitchen_zs_no_when,FINAL.K3,2,1,1,1.0,6,0,0,6,466.09,559.2,plan_completed
kitchen_zs_no_when,FINAL.K3,3,1,1,1.0,6,0,0,6,489.21,591.77,plan_completed
kitchen_zs_no_when,FINAL.K3,4,1,1,1.0,6,0,0,5,517.94,606.98,plan_completed
kitchen_zs_no_when,FINAL.K3,5,1,1,1.0,6,0,0,2,166.65,264.9,plan_completed
kitchen_zs_no_when,FINAL.K3,6,1,1,1.0,6,0,0,2,176.77,267.95,plan_completed
kitchen_zs_no_when,FINAL.K3,7,1,1,1.0,6,0,0,5,462.92,563.81,plan_completed
kitchen_zs_no_when,FINAL.K3,8,1,1,1.0,6,0,0,3,225.4,315.25,plan_completed
kitchen_zs_no_when,FINAL.K3,9,1,1,1.0,6,0,0,7,603.31,690.87,plan_completed
kitchen_zs_no_when,FINAL.K4,0,1,1,1.0,6,0,0,5,444.71,535.04,plan_completed
kitchen_zs_no_when,FINAL.K4,1,1,1,1.0,6,0,0,2,198.52,286.71,plan_completed
kitchen_zs_no_when,FINAL.K4,2,1,1,1.0,6,0,0,5,340.27,433.38,plan_completed
kitchen_zs_no_when,FINAL.K4,3,1,1,1.0,6,0,0,6,594.79,688.66,plan_completed
kitchen_zs_no_when,FINAL.K4,4,1,1,1.0,6,0,0,3,409.82,497.74,plan_completed
kitchen_zs_no_when,FINAL.K4,5,1,1,1.0,6,0,0,3,302.37,402.0,plan_completed
kitchen_zs_no_when,FINAL.K4,6,1,1,1.0,6,0,0,2,196.18,290.55,plan_completed
kitchen_zs_no_when,FINAL.K4,7,1,1,1.0,6,0,0,3,274.2,376.0,plan_completed
kitchen_zs_no_when,FINAL.K4,8,1,1,1.0,6,0,0,3,225.64,316.43,plan_completed
kitchen_zs_no_when,FINAL.K4,9,1,1,1.0,6,0,0,5,475.82,571.31,plan_completed
kitchen_zs_no_where,FINAL.G1,0,1,1,1.0,7,0,0,2,204.5,299.37,plan_completed
kitchen_zs_no_where,FINAL.G1,1,1,1,1.0,7,0,0,2,225.78,321.89,plan_completed
kitchen_zs_no_where,FINAL.G1,2,1,0,0.5714,7,3,2,4,513.19,643.86,plan_completed
kitchen_zs_no_where,FINAL.G1,3,1,0,0.5714,7,3,2,10,1167.06,1422.89,plan_completed
kitchen_zs_no_where,FINAL.G1,4,1,1,1.0,7,0,0,2,213.91,311.9,plan_completed
kitchen_zs_no_where,FINAL.G1,5,1,0,0.8571,7,1,0,6,506.08,633.46,plan_completed
kitchen_zs_no_where,FINAL.G1,6,1,0,0.8571,7,1,0,8,684.92,829.4,plan_completed
kitchen_zs_no_where,FINAL.G1,7,1,0,0.5714,7,3,2,2,268.19,362.58,plan_completed
kitchen_zs_no_where,FINAL.G1,8,1,0,0.7143,7,2,2,2,210.77,313.21,plan_completed
kitchen_zs_no_where,FINAL.G1,9,1,1,1.0,7,0,0,4,405.03,501.16,plan_completed
kitchen_zs_no_where,FINAL.G2,0,1,0,0.5714,7,3,1,7,949.35,1124.39,plan_completed
kitchen_zs_no_where,FINAL.G2,1,1,0,0.5714,7,3,1,5,718.01,849.57,plan_completed
kitchen_zs_no_where,FINAL.G2,2,1,0,0.8571,7,1,0,3,351.53,438.54,plan_completed
kitchen_zs_no_where,FINAL.G2,3,1,0,0.5714,7,3,1,8,999.03,1131.53,plan_completed
kitchen_zs_no_where,FINAL.G2,4,1,0,0.5714,7,3,1,9,1327.56,1527.78,plan_completed
kitchen_zs_no_where,FINAL.G2,5,1,0,0.7143,7,2,1,3,447.38,537.86,plan_completed
kitchen_zs_no_where,FINAL.G2,6,1,0,0.8571,7,1,0,2,221.29,357.11,plan_completed
kitchen_zs_no_where,FINAL.G2,7,1,0,0.8571,7,1,0,7,802.77,920.3,plan_completed
kitchen_zs_no_where,FINAL.G2,8,1,0,0.2857,7,5,1,11,1493.22,1623.38,replan_budget_exhausted
kitchen_zs_no_where,FINAL.G2,9,1,1,1.0,7,0,0,4,442.22,538.01,plan_completed
kitchen_zs_no_where,FINAL.G3,0,1,0,0.5714,7,3,0,4,437.27,581.96,plan_completed
kitchen_zs_no_where,FINAL.G3,1,1,1,1.0,7,0,0,3,353.33,451.86,plan_completed
kitchen_zs_no_where,FINAL.G3,2,1,0,0.1429,7,6,0,11,1217.4,1340.95,replan_budget_exhausted
kitchen_zs_no_where,FINAL.G3,3,1,1,1.0,7,0,0,2,203.35,301.71,plan_completed
kitchen_zs_no_where,FINAL.G3,4,1,0,0.4286,7,4,0,11,1176.81,1310.35,replan_budget_exhausted
kitchen_zs_no_where,FINAL.G3,5,1,1,1.0,7,0,0,3,379.37,477.59,plan_completed
kitchen_zs_no_where,FINAL.G3,6,1,1,1.0,7,0,0,2,205.56,310.57,plan_completed
kitchen_zs_no_where,FINAL.G3,7,1,1,1.0,7,0,0,2,166.93,270.19,plan_completed
kitchen_zs_no_where,FINAL.G3,8,1,1,1.0,7,0,0,2,246.69,345.87,plan_completed
kitchen_zs_no_where,FINAL.G3,9,1,0,0.5714,7,3,0,8,867.45,1037.36,plan_completed
kitchen_zs_no_where,FINAL.K1,0,1,0,0.8333,6,1,1,6,493.48,566.42,plan_completed
kitchen_zs_no_where,FINAL.K1,1,1,0,0.8333,6,1,1,8,791.14,865.83,plan_completed
kitchen_zs_no_where,FINAL.K1,2,1,0,0.8333,6,1,1,6,476.94,560.83,plan_completed
kitchen_zs_no_where,FINAL.K1,3,1,0,0.8333,6,1,1,9,677.99,760.93,plan_completed
kitchen_zs_no_where,FINAL.K1,4,1,0,0.8333,6,1,1,8,786.49,864.29,plan_completed
kitchen_zs_no_where,FINAL.K1,5,1,0,0.8333,6,1,1,6,448.19,528.42,plan_completed
kitchen_zs_no_where,FINAL.K1,6,1,1,1.0,6,0,1,3,316.53,389.06,plan_completed
kitchen_zs_no_where,FINAL.K1,7,1,0,0.8333,6,1,1,4,304.31,384.43,plan_completed
kitchen_zs_no_where,FINAL.K1,8,1,0,0.8333,6,1,1,4,374.59,456.36,plan_completed
kitchen_zs_no_where,FINAL.K1,9,1,0,0.8333,6,1,1,6,462.35,536.39,plan_completed
kitchen_zs_no_where,FINAL.K2,0,1,1,1.0,6,0,0,3,384.21,459.08,plan_completed
kitchen_zs_no_where,FINAL.K2,1,1,0,0.5,6,3,0,10,745.31,789.63,replan_loop
kitchen_zs_no_where,FINAL.K2,2,1,1,1.0,6,0,0,3,294.13,381.72,plan_completed
kitchen_zs_no_where,FINAL.K2,3,1,1,1.0,6,0,0,3,289.38,366.4,plan_completed
kitchen_zs_no_where,FINAL.K2,4,1,1,1.0,6,0,0,4,400.74,475.26,plan_completed
kitchen_zs_no_where,FINAL.K2,5,1,1,1.0,6,0,0,1,117.81,192.45,plan_completed
kitchen_zs_no_where,FINAL.K2,6,1,1,1.0,6,0,0,3,232.42,306.73,plan_completed
kitchen_zs_no_where,FINAL.K2,7,1,1,1.0,6,0,0,1,63.39,141.8,plan_completed
kitchen_zs_no_where,FINAL.K2,8,1,1,1.0,6,0,0,1,99.61,173.3,plan_completed
kitchen_zs_no_where,FINAL.K2,9,1,1,1.0,6,0,0,3,274.69,352.38,plan_completed
kitchen_zs_no_where,FINAL.K3,0,1,1,1.0,6,0,0,4,346.06,440.04,plan_completed
kitchen_zs_no_where,FINAL.K3,1,1,1,1.0,6,0,0,3,299.6,395.82,plan_completed
kitchen_zs_no_where,FINAL.K3,2,1,1,1.0,6,0,0,3,258.67,347.48,plan_completed
kitchen_zs_no_where,FINAL.K3,3,1,1,1.0,6,0,0,5,589.53,684.39,plan_completed
kitchen_zs_no_where,FINAL.K3,4,1,1,1.0,6,0,0,4,247.22,342.07,plan_completed
kitchen_zs_no_where,FINAL.K3,5,1,1,1.0,6,0,1,3,321.32,420.01,plan_completed
kitchen_zs_no_where,FINAL.K3,6,1,1,1.0,6,0,0,2,110.64,201.71,plan_completed
kitchen_zs_no_where,FINAL.K3,7,1,1,1.0,6,0,0,2,132.67,229.41,plan_completed
kitchen_zs_no_where,FINAL.K3,8,1,1,1.0,6,0,0,2,259.17,350.86,plan_completed
kitchen_zs_no_where,FINAL.K3,9,1,1,1.0,6,0,1,2,147.66,266.54,plan_completed
kitchen_zs_no_where,FINAL.K4,0,1,1,1.0,6,0,0,3,261.79,354.48,plan_completed
kitchen_zs_no_where,FINAL.K4,1,1,1,1.0,6,0,0,5,568.35,658.22,plan_completed
kitchen_zs_no_where,FINAL.K4,2,1,1,1.0,6,0,0,4,335.67,426.43,plan_completed
kitchen_zs_no_where,FINAL.K4,3,1,1,1.0,6,0,0,4,390.24,485.09,plan_completed
kitchen_zs_no_where,FINAL.K4,4,1,1,1.0,6,0,0,3,318.29,413.85,plan_completed
kitchen_zs_no_where,FINAL.K4,5,1,1,1.0,6,0,0,2,126.19,230.25,plan_completed
kitchen_zs_no_where,FINAL.K4,6,1,1,1.0,6,0,0,2,207.61,304.63,plan_completed
kitchen_zs_no_where,FINAL.K4,7,1,1,1.0,6,0,0,2,189.7,297.71,plan_completed
kitchen_zs_no_where,FINAL.K4,8,1,1,1.0,6,0,0,4,367.22,463.12,plan_completed
kitchen_zs_no_where,FINAL.K4,9,1,1,1.0,6,0,0,4,426.06,510.45,plan_completed
grill_icl_fixed_end,FINAL.G1,0,1,0,0.7143,7,2,2,2,322.07,413.25,plan_completed
grill_icl_fixed_end,FINAL.G1,1,1,0,0.7143,7,2,2,2,308.35,397.76,plan_completed
grill_icl_fixed_end,FINAL.G1,2,1,0,0.7143,7,2,2,2,156.17,246.24,plan_completed
grill_icl_fixed_end,FINAL.G1,3,1,0,0.7143,7,2,2,3,384.06,465.77,plan_completed
grill_icl_fixed_end,FINAL.G1,4,1,0,0.7143,7,2,2,2,164.62,254.97,plan_completed
grill_icl_fixed_end,FINAL.G1,5,1,0,0.7143,7,2,2,3,349.35,433.08,plan_completed
grill_icl_fixed_end,FINAL.G1,6,1,0,0.7143,7,2,2,2,242.28,337.23,plan_completed
grill_icl_fixed_end,FINAL.G1,7,1,0,0.7143,7,2,2,2,357.66,444.24,plan_completed
grill_icl_fixed_end,FINAL.G1,8,1,0,0.7143,7,2,2,3,262.6,353.71,plan_completed
grill_icl_fixed_end,FINAL.G1,9,1,0,0.7143,7,2,2,2,276.39,373.73,plan_completed
grill_icl_fixed_end,FINAL.G2,0,1,0,0.8571,7,1,1,2,203.78,282.69,plan_completed
grill_icl_fixed_end,FINAL.G2,1,1,0,0.8571,7,1,1,2,205.79,292.54,plan_completed
grill_icl_fixed_end,FINAL.G2,2,1,0,0.8571,7,1,1,2,343.99,431.07,plan_completed
grill_icl_fixed_end,FINAL.G2,3,1,0,0.8571,7,1,1,2,231.11,320.29,plan_completed
grill_icl_fixed_end,FINAL.G2,4,1,0,0.8571,7,1,1,2,263.92,353.01,plan_completed
grill_icl_fixed_end,FINAL.G2,5,1,0,0.8571,7,1,1,2,282.63,372.69,plan_completed
grill_icl_fixed_end,FINAL.G2,6,1,0,0.8571,7,1,1,2,344.52,427.34,plan_completed
grill_icl_fixed_end,FINAL.G2,7,1,0,0.8571,7,1,1,2,164.35,257.33,plan_completed
grill_icl_fixed_end,FINAL.G2,8,1,0,0.8571,7,1,1,2,290.91,375.23,plan_completed
grill_icl_fixed_end,FINAL.G2,9,1,0,0.8571,7,1,1,2,261.88,343.86,plan_completed
grill_icl_fixed_end,FINAL.G3,0,1,0,0.5714,7,3,0,7,1258.72,1395.78,plan_completed
grill_icl_fixed_end,FINAL.G3,1,1,1,1.0,7,0,0,5,764.54,856.21,plan_completed
grill_icl_fixed_end,FINAL.G3,2,1,1,1.0,7,0,0,2,298.92,385.48,plan_completed
grill_icl_fixed_end,FINAL.G3,3,1,1,1.0,7,0,0,3,318.88,408.36,plan_completed
grill_icl_fixed_end,FINAL.G3,4,1,1,1.0,7,0,0,3,373.38,465.99,plan_completed
grill_icl_fixed_end,FINAL.G3,5,1,1,1.0,7,0,0,3,259.3,349.98,plan_completed
grill_icl_fixed_end,FINAL.G3,6,1,1,1.0,7,0,0,2,235.13,317.21,plan_completed
grill_icl_fixed_end,FINAL.G3,7,1,1,1.0,7,0,0,2,269.01,353.98,plan_completed
grill_icl_fixed_end,FINAL.G3,8,1,1,1.0,7,0,0,2,180.57,272.32,plan_completed
grill_icl_fixed_end,FINAL.G3,9,1,1,1.0,7,0,0,2,221.9,304.25,plan_completed
grill_icl_fixed_front,FINAL.G1,0,1,1,1.0,7,0,0,2,183.99,271.39,plan_completed
grill_icl_fixed_front,FINAL.G1,1,1,1,1.0,7,0,0,2,278.78,365.71,plan_completed
grill_icl_fixed_front,FINAL.G1,2,1,1,1.0,7,0,0,3,350.94,429.64,plan_completed
grill_icl_fixed_front,FINAL.G1,3,1,1,1.0,7,0,0,3,301.63,389.13,plan_completed
grill_icl_fixed_front,FINAL.G1,4,1,1,1.0,7,0,0,3,354.36,442.91,plan_completed
grill_icl_fixed_front,FINAL.G1,5,1,1,1.0,7,0,0,2,170.9,255.66,plan_completed
grill_icl_fixed_front,FINAL.G1,6,1,0,0.8571,7,1,0,3,313.27,389.54,plan_completed
grill_icl_fixed_front,FINAL.G1,7,1,1,1.0,7,0,0,2,198.32,277.01,plan_completed
grill_icl_fixed_front,FINAL.G1,8,1,1,1.0,7,0,0,3,284.54,370.41,plan_completed
grill_icl_fixed_front,FINAL.G1,9,1,1,1.0,7,0,0,2,255.71,333.68,plan_completed
grill_icl_fixed_front,FINAL.G2,0,1,0,0.7143,7,2,0,4,669.5,771.58,plan_completed
grill_icl_fixed_front,FINAL.G2,1,1,0,0.7143,7,2,0,4,615.77,710.53,plan_completed
grill_icl_fixed_front,FINAL.G2,2,1,0,0.7143,7,2,0,6,948.14,1062.08,plan_completed
grill_icl_fixed_front,FINAL.G2,3,1,0,0.7143,7,2,0,4,596.83,710.34,plan_completed
grill_icl_fixed_front,FINAL.G2,4,1,0,0.7143,7,2,0,8,1315.78,1459.98,plan_completed
grill_icl_fixed_front,FINAL.G2,5,1,0,0.7143,7,2,0,4,504.22,604.77,plan_completed
grill_icl_fixed_front,FINAL.G2,6,1,0,0.7143,7,2,0,6,803.67,920.71,plan_completed
grill_icl_fixed_front,FINAL.G2,7,1,0,0.7143,7,2,0,4,596.16,688.48,plan_completed
grill_icl_fixed_front,FINAL.G2,8,1,0,0.7143,7,2,0,9,1159.34,1288.35,plan_completed
grill_icl_fixed_front,FINAL.G2,9,1,0,0.7143,7,2,0,4,751.38,850.95,plan_completed
grill_icl_fixed_front,FINAL.G3,0,1,0,0.2857,7,5,0,11,1353.23,1426.39,replan_budget_exhausted
grill_icl_fixed_front,FINAL.G3,1,1,0,0.1429,7,6,0,11,1348.06,1442.11,replan_budget_exhausted
grill_icl_fixed_front,FINAL.G3,2,1,0,0.2857,7,5,0,11,1407.97,1511.54,replan_budget_exhausted
grill_icl_fixed_front,FINAL.G3,3,1,0,0.1429,7,6,0,11,1484.13,1576.02,replan_budget_exhausted
grill_icl_fixed_front,FINAL.G3,4,1,0,0.2857,7,5,0,8,1021.43,1078.55,replan_loop
grill_icl_fixed_front,FINAL.G3,5,1,0,0.2857,7,5,0,11,1725.99,1828.38,replan_budget_exhausted
grill_icl_fixed_front,FINAL.G3,6,1,0,0.7143,7,2,0,9,1302.6,1446.87,plan_completed
grill_icl_fixed_front,FINAL.G3,7,1,0,0.2857,7,5,0,11,1593.72,1666.35,replan_budget_exhausted
grill_icl_fixed_front,FINAL.G3,8,1,0,0.2857,7,5,0,11,1537.08,1615.14,replan_budget_exhausted
grill_icl_fixed_front,FINAL.G3,9,1,0,0.2857,7,5,0,11,1213.39,1299.34,replan_budget_exhausted
grill_icl_no_if,FINAL.G1,0,1,0,0.7143,7,2,2,2,151.73,243.38,plan_completed
grill_icl_no_if,FINAL.G1,1,1,1,1.0,7,0,0,2,182.07,271.08,plan_completed
grill_icl_no_if,FINAL.G1,2,1,1,1.0,7,0,0,3,295.5,377.41,plan_completed
grill_icl_no_if,FINAL.G1,3,1,0,0.8571,7,1,0,6,835.26,933.8,planner_returned_no_actions
grill_icl_no_if,FINAL.G1,4,1,1,1.0,7,0,0,3,233.2,323.68,plan_completed
grill_icl_no_if,FINAL.G1,5,1,0,0.8571,7,1,0,5,603.15,736.4,plan_completed
grill_icl_no_if,FINAL.G1,6,1,1,1.0,7,0,0,2,193.32,282.57,plan_completed
grill_icl_no_if,FINAL.G1,7,1,1,1.0,7,0,0,3,244.72,336.92,plan_completed
grill_icl_no_if,FINAL.G1,8,1,0,0.7143,7,2,2,2,224.26,314.94,plan_completed
grill_icl_no_if,FINAL.G1,9,1,0,0.7143,7,2,2,3,478.32,558.54,plan_completed
grill_icl_no_if,FINAL.G2,0,1,0,0.8571,7,1,1,2,265.8,356.83,plan_completed
grill_icl_no_if,FINAL.G2,1,1,1,1.0,7,0,0,2,139.17,226.63,plan_completed
grill_icl_no_if,FINAL.G2,2,1,0,0.8571,7,1,1,3,272.38,362.13,plan_completed
grill_icl_no_if,FINAL.G2,3,1,1,1.0,7,0,0,3,388.59,477.87,plan_completed
grill_icl_no_if,FINAL.G2,4,1,1,1.0,7,0,0,2,276.88,368.68,plan_completed
grill_icl_no_if,FINAL.G2,5,1,1,1.0,7,0,0,2,296.96,388.02,plan_completed
grill_icl_no_if,FINAL.G2,6,1,1,1.0,7,0,0,2,326.99,419.07,plan_completed
grill_icl_no_if,FINAL.G2,7,1,1,1.0,7,0,0,2,292.82,383.53,plan_completed
grill_icl_no_if,FINAL.G2,8,1,1,1.0,7,0,0,2,266.16,357.03,plan_completed
grill_icl_no_if,FINAL.G2,9,1,1,1.0,7,0,0,2,323.48,413.51,plan_completed
grill_icl_no_if,FINAL.G3,0,1,1,1.0,7,0,0,3,291.13,375.93,plan_completed
grill_icl_no_if,FINAL.G3,1,1,1,1.0,7,0,0,2,164.29,255.79,plan_completed
grill_icl_no_if,FINAL.G3,2,1,1,1.0,7,0,0,3,342.45,433.33,plan_completed
grill_icl_no_if,FINAL.G3,3,1,1,1.0,7,0,0,3,198.05,286.41,plan_completed
grill_icl_no_if,FINAL.G3,4,1,1,1.0,7,0,0,3,274.58,366.55,plan_completed
grill_icl_no_if,FINAL.G3,5,1,1,1.0,7,0,0,3,331.51,423.3,plan_completed
grill_icl_no_if,FINAL.G3,6,1,1,1.0,7,0,0,3,328.94,410.67,plan_completed
grill_icl_no_if,FINAL.G3,7,1,1,1.0,7,0,0,4,471.26,560.61,plan_completed
grill_icl_no_if,FINAL.G3,8,1,1,1.0,7,0,0,6,588.34,676.38,plan_completed
grill_icl_no_if,FINAL.G3,9,1,1,1.0,7,0,0,2,234.19,324.12,plan_completed
grill_icl_no_memory,FINAL.G1,0,1,1,1.0,7,0,0,2,188.85,279.91,plan_completed
grill_icl_no_memory,FINAL.G1,1,1,0,0.8571,7,1,0,2,146.2,226.36,plan_completed
grill_icl_no_memory,FINAL.G1,2,1,1,1.0,7,0,0,2,176.52,268.09,plan_completed
grill_icl_no_memory,FINAL.G1,3,1,1,1.0,7,0,0,2,171.13,261.99,plan_completed
grill_icl_no_memory,FINAL.G1,4,1,1,1.0,7,0,0,3,309.18,401.34,plan_completed
grill_icl_no_memory,FINAL.G1,5,1,1,1.0,7,0,0,2,180.47,276.37,plan_completed
grill_icl_no_memory,FINAL.G1,6,1,0,0.8571,7,1,0,2,219.56,304.81,plan_completed
grill_icl_no_memory,FINAL.G1,7,1,1,1.0,7,0,0,2,268.67,349.03,plan_completed
grill_icl_no_memory,FINAL.G1,8,1,0,0.7143,7,2,2,2,296.06,385.44,plan_completed
grill_icl_no_memory,FINAL.G1,9,1,0,0.7143,7,2,2,2,343.32,430.04,plan_completed
grill_icl_no_memory,FINAL.G2,0,1,1,1.0,7,0,0,2,200.41,290.15,plan_completed
grill_icl_no_memory,FINAL.G2,1,1,0,0.8571,7,1,1,3,375.13,466.76,plan_completed
grill_icl_no_memory,FINAL.G2,2,1,0,0.8571,7,1,1,3,350.85,443.24,plan_completed
grill_icl_no_memory,FINAL.G2,3,1,0,0.8571,7,1,1,3,438.26,530.45,plan_completed
grill_icl_no_memory,FINAL.G2,4,1,1,1.0,7,0,0,2,277.3,372.84,plan_completed
grill_icl_no_memory,FINAL.G2,5,1,0,0.8571,7,1,1,3,434.54,526.89,plan_completed
grill_icl_no_memory,FINAL.G2,6,1,1,1.0,7,0,0,4,882.42,973.92,plan_completed
grill_icl_no_memory,FINAL.G2,7,1,1,1.0,7,0,0,2,309.3,398.74,plan_completed
grill_icl_no_memory,FINAL.G2,8,1,0,0.8571,7,1,1,3,492.66,583.46,plan_completed
grill_icl_no_memory,FINAL.G2,9,1,0,0.8571,7,1,1,2,438.55,517.48,plan_completed
grill_icl_no_memory,FINAL.G3,0,1,1,1.0,7,0,0,2,254.27,343.48,plan_completed
grill_icl_no_memory,FINAL.G3,1,1,1,1.0,7,0,0,2,174.9,265.14,plan_completed
grill_icl_no_memory,FINAL.G3,2,1,1,1.0,7,0,0,2,240.56,329.81,plan_completed
grill_icl_no_memory,FINAL.G3,3,1,0,0.8571,7,1,0,3,275.51,357.59,plan_completed
grill_icl_no_memory,FINAL.G3,4,1,1,1.0,7,0,0,2,242.97,338.06,plan_completed
grill_icl_no_memory,FINAL.G3,5,1,1,1.0,7,0,0,2,236.28,329.68,plan_completed
grill_icl_no_memory,FINAL.G3,6,1,1,1.0,7,0,0,2,369.48,451.23,plan_completed
grill_icl_no_memory,FINAL.G3,7,1,0,0.5714,7,3,0,11,1530.99,1715.99,replan_budget_exhausted
grill_icl_no_memory,FINAL.G3,8,1,1,1.0,7,0,0,2,172.5,262.67,plan_completed
grill_icl_no_memory,FINAL.G3,9,1,1,1.0,7,0,0,2,292.07,381.61,plan_completed
grill_icl_no_when,FINAL.G1,0,1,1,1.0,7,0,0,3,342.78,441.85,plan_completed
grill_icl_no_when,FINAL.G1,1,1,1,1.0,7,0,0,2,231.98,332.85,plan_completed
grill_icl_no_when,FINAL.G1,2,1,0,0.7143,7,2,2,2,155.58,254.93,plan_completed
grill_icl_no_when,FINAL.G1,3,1,0,0.7143,7,2,2,2,167.97,266.91,plan_completed
grill_icl_no_when,FINAL.G1,4,1,0,0.8571,7,1,0,3,219.61,308.74,plan_completed
grill_icl_no_when,FINAL.G1,5,1,0,0.8571,7,1,0,6,655.37,771.3,plan_completed
grill_icl_no_when,FINAL.G1,6,1,1,1.0,7,0,0,2,223.46,317.31,plan_completed
grill_icl_no_when,FINAL.G1,7,1,1,1.0,7,0,0,2,238.89,336.15,plan_completed
grill_icl_no_when,FINAL.G1,8,1,1,1.0,7,0,0,3,338.57,434.91,plan_completed
grill_icl_no_when,FINAL.G1,9,1,0,0.7143,7,2,2,2,173.35,271.92,plan_completed
grill_icl_no_when,FINAL.G2,0,1,0,0.8571,7,1,0,2,195.46,284.85,plan_completed
grill_icl_no_when,FINAL.G2,1,1,0,0.8571,7,1,0,3,330.37,421.57,plan_completed
grill_icl_no_when,FINAL.G2,2,1,1,1.0,7,0,0,2,192.5,292.07,plan_completed
grill_icl_no_when,FINAL.G2,3,1,1,1.0,7,0,0,2,192.87,289.78,plan_completed
grill_icl_no_when,FINAL.G2,4,1,1,1.0,7,0,0,3,354.29,453.29,plan_completed
grill_icl_no_when,FINAL.G2,5,1,1,1.0,7,0,0,2,215.32,314.93,plan_completed
grill_icl_no_when,FINAL.G2,6,1,1,1.0,7,0,0,2,260.49,363.06,plan_completed
grill_icl_no_when,FINAL.G2,7,1,1,1.0,7,0,0,2,222.77,319.93,plan_completed
grill_icl_no_when,FINAL.G2,8,1,1,1.0,7,0,0,3,344.7,444.59,plan_completed
grill_icl_no_when,FINAL.G2,9,1,0,0.8571,7,1,1,2,289.46,387.83,plan_completed
grill_icl_no_when,FINAL.G3,0,1,0,0.8571,7,1,0,3,258.62,348.82,plan_completed
grill_icl_no_when,FINAL.G3,1,1,1,1.0,7,0,0,2,211.32,309.82,plan_completed
grill_icl_no_when,FINAL.G3,2,1,1,1.0,7,0,0,3,320.46,420.36,plan_completed
grill_icl_no_when,FINAL.G3,3,1,1,1.0,7,0,0,2,235.83,335.92,plan_completed
grill_icl_no_when,FINAL.G3,4,1,0,0.5714,7,3,0,4,672.61,837.03,plan_completed
grill_icl_no_when,FINAL.G3,5,1,1,1.0,7,0,0,2,354.33,452.2,plan_completed
grill_icl_no_when,FINAL.G3,6,1,1,1.0,7,0,0,2,229.71,332.89,plan_completed
grill_icl_no_when,FINAL.G3,7,1,1,1.0,7,0,0,3,235.07,336.96,plan_completed
grill_icl_no_when,FINAL.G3,8,1,1,1.0,7,0,0,2,180.51,282.49,plan_completed
grill_icl_no_when,FINAL.G3,9,1,1,1.0,7,0,0,2,188.92,284.91,plan_completed
grill_icl_no_where,FINAL.G1,0,1,1,1.0,7,0,0,5,651.62,749.8,plan_completed
grill_icl_no_where,FINAL.G1,1,1,0,0.7143,7,2,2,3,291.53,390.85,plan_completed
grill_icl_no_where,FINAL.G1,2,1,1,1.0,7,0,0,5,529.64,627.96,plan_completed
grill_icl_no_where,FINAL.G1,3,1,1,1.0,7,0,0,3,276.59,376.24,plan_completed
grill_icl_no_where,FINAL.G1,4,1,1,1.0,7,0,0,6,529.31,625.1,plan_completed
grill_icl_no_where,FINAL.G1,5,1,0,0.7143,7,2,0,4,521.16,623.58,plan_completed
grill_icl_no_where,FINAL.G1,6,1,1,1.0,7,0,0,3,302.28,395.9,plan_completed
grill_icl_no_where,FINAL.G1,7,1,1,1.0,7,0,0,2,209.27,303.15,plan_completed
grill_icl_no_where,FINAL.G1,8,1,1,1.0,7,0,0,4,412.88,508.33,plan_completed
grill_icl_no_where,FINAL.G1,9,1,1,1.0,7,0,0,3,247.37,341.83,plan_completed
grill_icl_no_where,FINAL.G2,0,1,0,0.8571,7,1,1,6,920.59,1023.52,plan_completed
grill_icl_no_where,FINAL.G2,1,1,0,0.8571,7,1,1,3,537.93,633.58,plan_completed
grill_icl_no_where,FINAL.G2,2,1,1,1.0,7,0,0,2,277.41,372.23,plan_completed
grill_icl_no_where,FINAL.G2,3,1,0,0.8571,7,1,1,5,759.82,855.21,plan_completed
grill_icl_no_where,FINAL.G2,4,1,1,1.0,7,0,0,7,1002.7,1099.58,plan_completed
grill_icl_no_where,FINAL.G2,5,1,0,0.8571,7,1,0,4,615.52,751.94,plan_completed
grill_icl_no_where,FINAL.G2,6,1,0,0.8571,7,1,1,3,445.14,541.21,plan_completed
grill_icl_no_where,FINAL.G2,7,1,0,0.5714,7,3,0,11,1306.62,1384.24,replan_budget_exhausted
grill_icl_no_where,FINAL.G2,8,1,1,1.0,7,0,0,2,229.62,322.23,plan_completed
grill_icl_no_where,FINAL.G2,9,1,1,1.0,7,0,0,3,448.29,540.15,plan_completed
grill_icl_no_where,FINAL.G3,0,1,1,1.0,7,0,0,2,285.35,383.12,plan_completed
grill_icl_no_where,FINAL.G3,1,1,1,1.0,7,0,0,3,299.54,399.08,plan_completed
grill_icl_no_where,FINAL.G3,2,1,0,0.8571,7,1,0,4,443.27,551.33,plan_completed
grill_icl_no_where,FINAL.G3,3,1,0,0.8571,7,1,0,4,428.9,538.31,plan_completed
grill_icl_no_where,FINAL.G3,4,1,0,0.2857,7,5,0,11,1436.81,1526.25,replan_budget_exhausted
grill_icl_no_where,FINAL.G3,5,1,1,1.0,7,0,0,2,252.66,375.19,plan_completed
grill_icl_no_where,FINAL.G3,6,1,0,0.7143,7,2,0,11,1309.19,1477.25,plan_completed
grill_icl_no_where,FINAL.G3,7,1,1,1.0,7,0,0,3,344.32,439.09,plan_completed
grill_icl_no_where,FINAL.G3,8,1,1,1.0,7,0,0,3,370.17,465.11,plan_completed
grill_icl_no_where,FINAL.G3,9,1,0,0.8571,7,1,0,7,687.91,808.38,plan_completed
grill_icl_llm_planner_qwen3-8b,FINAL.G1,0,1,0,0.4286,7,4,0,11,286.01,326.24,replan_budget_exhausted
grill_icl_llm_planner_qwen3-8b,FINAL.G1,1,1,0,0.4286,7,4,0,9,246.29,285.78,replan_loop
grill_icl_llm_planner_qwen3-8b,FINAL.G1,2,1,0,0.4286,7,4,0,11,261.85,298.09,replan_budget_exhausted
grill_icl_llm_planner_qwen3-8b,FINAL.G1,3,1,0,0.4286,7,4,0,8,309.96,337.28,replan_loop
grill_icl_llm_planner_qwen3-8b,FINAL.G1,4,1,0,0.4286,7,4,0,7,250.8,278.26,replan_loop
grill_icl_llm_planner_qwen3-8b,FINAL.G1,5,1,0,0.4286,7,4,0,11,274.07,310.26,replan_loop
grill_icl_llm_planner_qwen3-8b,FINAL.G1,6,1,0,0.4286,7,4,0,11,266.26,302.11,replan_loop
grill_icl_llm_planner_qwen3-8b,FINAL.G1,7,1,0,0.4286,7,4,0,11,355.97,384.62,replan_budget_exhausted
grill_icl_llm_planner_qwen3-8b,FINAL.G1,8,1,0,0.4286,7,4,0,11,274.76,311.54,replan_budget_exhausted
grill_icl_llm_planner_qwen3-8b,FINAL.G1,9,1,0,0.4286,7,4,0,10,242.02,270.66,replan_loop
grill_icl_llm_planner_qwen3-8b,FINAL.G2,0,1,0,0.2857,7,5,0,11,521.01,560.16,replan_budget_exhausted
grill_icl_llm_planner_qwen3-8b,FINAL.G2,1,1,0,0.8571,7,1,0,5,232.42,315.27,plan_completed
grill_icl_llm_planner_qwen3-8b,FINAL.G2,2,1,1,1.0,7,0,0,4,216.74,304.74,plan_completed
grill_icl_llm_planner_qwen3-8b,FINAL.G2,3,1,0,0.5714,7,3,0,11,585.13,711.19,replan_budget_exhausted
grill_icl_llm_planner_qwen3-8b,FINAL.G2,4,1,0,0.2857,7,5,0,11,573.34,602.18,replan_budget_exhausted
grill_icl_llm_planner_qwen3-8b,FINAL.G2,5,1,1,1.0,7,0,0,11,580.55,669.41,plan_completed
grill_icl_llm_planner_qwen3-8b,FINAL.G2,6,1,0,0.2857,7,5,0,11,606.93,644.13,replan_budget_exhausted
grill_icl_llm_planner_qwen3-8b,FINAL.G2,7,1,1,1.0,7,0,0,11,582.4,669.36,plan_completed
grill_icl_llm_planner_qwen3-8b,FINAL.G2,8,1,0,0.1429,7,6,0,11,794.27,822.61,replan_budget_exhausted
grill_icl_llm_planner_qwen3-8b,FINAL.G2,9,1,1,1.0,7,0,0,3,111.82,198.35,plan_completed
grill_icl_llm_planner_qwen3-8b,FINAL.G3,0,1,1,1.0,7,0,0,3,140.79,229.93,plan_completed
grill_icl_llm_planner_qwen3-8b,FINAL.G3,1,1,0,0.1429,7,6,0,10,411.88,451.77,replan_loop
grill_icl_llm_planner_qwen3-8b,FINAL.G3,2,1,0,0.1429,7,6,0,9,410.3,438.13,replan_loop
grill_icl_llm_planner_qwen3-8b,FINAL.G3,3,1,1,1.0,7,0,0,11,504.27,592.11,plan_completed
grill_icl_llm_planner_qwen3-8b,FINAL.G3,4,1,0,0.1429,7,6,0,11,413.85,450.32,replan_budget_exhausted
grill_icl_llm_planner_qwen3-8b,FINAL.G3,5,1,0,0.1429,7,6,0,11,413.59,449.9,replan_budget_exhausted
grill_icl_llm_planner_qwen3-8b,FINAL.G3,6,1,0,0.1429,7,6,0,8,304.4,332.49,replan_loop
grill_icl_llm_planner_qwen3-8b,FINAL.G3,7,1,0,0.2857,7,5,0,11,472.96,516.64,replan_budget_exhausted
grill_icl_llm_planner_qwen3-8b,FINAL.G3,8,1,1,1.0,7,0,0,3,116.34,202.54,plan_completed
grill_icl_llm_planner_qwen3-8b,FINAL.G3,9,1,0,0.1429,7,6,0,11,482.06,518.22,replan_budget_exhausted
