trial_dir,condition,variant,success,primary,occurrences,trigger_match,unrecovered_errors
results/phase7c/phase3/oracle_ceiling/FINAL.G0/seed_00,gt_oracle mem=false trig=discovery out=full_replan ins=planner par=false budget=10,FINAL.G0,True,success,,True,
results/phase7c/phase3/oracle_ceiling/FINAL.G0/seed_01,gt_oracle mem=false trig=discovery out=full_replan ins=planner par=false budget=10,FINAL.G0,True,success,,True,
results/phase7c/phase3/oracle_ceiling/FINAL.G0/seed_02,gt_oracle mem=false trig=discovery out=full_replan ins=planner par=false budget=10,FINAL.G0,True,success,,True,
results/phase7c/phase3/oracle_ceiling/FINAL.G0/seed_03,gt_oracle mem=false trig=discovery out=full_replan ins=planner par=false budget=10,FINAL.G0,True,success,,True,
results/phase7c/phase3/oracle_ceiling/FINAL.G0/seed_04,gt_oracle mem=false trig=discovery out=full_replan ins=planner par=false budget=10,FINAL.G0,True,success,,True,
results/phase7c/phase3/oracle_ceiling/FINAL.G0/seed_05,gt_oracle mem=false trig=discovery out=full_replan ins=planner par=false budget=10,FINAL.G0,True,success,,True,
results/phase7c/phase3/oracle_ceiling/FINAL.G0/seed_06,gt_oracle mem=false trig=discovery out=full_replan ins=planner par=false budget=10,FINAL.G0,True,success,,True,
results/phase7c/phase3/oracle_ceiling/FINAL.G0/seed_07,gt_oracle mem=false trig=discovery out=full_replan ins=planner par=false budget=10,FINAL.G0,True,success,,True,
results/phase7c/phase3/oracle_ceiling/FINAL.G0/seed_08,gt_oracle mem=false trig=discovery out=full_replan ins=planner par=false budget=10,FINAL.G0,True,success,,True,
results/phase7c/phase3/oracle_ceiling/FINAL.G0/seed_09,gt_oracle mem=false trig=discovery out=full_replan ins=planner par=false budget=10,FINAL.G0,True,success,,True,
results/phase7c/phase3/oracle_ceiling/FINAL.G1/seed_00,gt_oracle mem=false trig=discovery out=full_replan ins=planner par=false budget=10,FINAL.G1,True,success,,True,
results/phase7c/phase3/oracle_ceiling/FINAL.G1/seed_01,gt_oracle mem=false trig=discovery out=full_replan ins=planner par=false budget=10,FINAL.G1,True,success,,True,
results/phase7c/phase3/oracle_ceiling/FINAL.G1/seed_02,gt_oracle mem=false trig=discovery out=full_replan ins=planner par=false budget=10,FINAL.G1,True,success,,True,
results/phase7c/phase3/oracle_ceiling/FINAL.G1/seed_03,gt_oracle mem=false trig=discovery out=full_replan ins=planner par=false budget=10,FINAL.G1,True,success,,True,
results/phase7c/phase3/oracle_ceiling/FINAL.G1/seed_04,gt_oracle mem=false trig=discovery out=full_replan ins=planner par=false budget=10,FINAL.G1,True,success,,True,
results/phase7c/phase3/oracle_ceiling/FINAL.G1/seed_05,gt_oracle mem=false trig=discovery out=full_replan ins=planner par=false budget=10,FINAL.G1,True,success,,True,
results/phase7c/phase3/oracle_ceiling/FINAL.G1/seed_06,gt_oracle mem=false trig=discovery out=full_replan ins=planner par=false budget=10,FINAL.G1,True,success,,True,
results/phase7c/phase3/oracle_ceiling/FINAL.G1/seed_07,gt_oracle mem=false trig=discovery out=full_replan ins=planner par=false budget=10,FINAL.G1,True,success,,True,
results/phase7c/phase3/oracle_ceiling/FINAL.G1/seed_08,gt_oracle mem=false trig=discovery out=full_replan ins=planner par=false budget=10,FINAL.G1,True,success,,True,
results/phase7c/phase3/oracle_ceiling/FINAL.G1/seed_09,gt_oracle mem=false trig=discovery out=full_replan ins=planner par=false budget=10,FINAL.G1,True,success,,True,
results/phase7c/phase3/oracle_ceiling/FINAL.G1-n1/seed_00,gt_oracle mem=false trig=discovery out=full_replan ins=planner par=false budget=10,FINAL.G1-n1,True,success,,True,
results/phase7c/phase3/oracle_ceiling/FINAL.G1-n1/seed_01,gt_oracle mem=false trig=discovery out=full_replan ins=planner par=false budget=10,FINAL.G1-n1,True,success,,True,
results/phase7c/phase3/oracle_ceiling/FINAL.G1-n1/seed_02,gt_oracle mem=false trig=discovery out=full_replan ins=planner par=false budget=10,FINAL.G1-n1,True,success,,True,
results/phase7c/phase3/oracle_ceiling/FINAL.G1-n1/seed_03,gt_oracle mem=false trig=discovery out=full_replan ins=planner par=false budget=10,FINAL.G1-n1,True,success,,True,
results/phase7c/phase3/oracle_ceiling/FINAL.G1-n1/seed_04,gt_oracle mem=false trig=discovery out=full_replan ins=planner par=false budget=10,FINAL.G1-n1,True,success,,True,
results/phase7c/phase3/oracle_ceiling/FINAL.G1-n1/seed_05,gt_oracle mem=false trig=discovery out=full_replan ins=planner par=false budget=10,FINAL.G1-n1,True,success,,True,
results/phase7c/phase3/oracle_ceiling/FINAL.G1-n1/seed_06,gt_oracle mem=false trig=discovery out=full_replan ins=planner par=false budget=10,FINAL.G1-n1,True,success,,True,
results/phase7c/phase3/oracle_ceiling/FINAL.G1-n1/seed_07,gt_oracle mem=false trig=discovery out=full_replan ins=planner par=false budget=10,FINAL.G1-n1,True,success,,True,
results/phase7c/phase3/oracle_ceiling/FINAL.G1-n1/seed_08,gt_oracle mem=false trig=discovery out=full_replan ins=planner par=false budget=10,FINAL.G1-n1,True,success,,True,
results/phase7c/phase3/oracle_ceiling/FINAL.G1-n1/seed_09,gt_oracle mem=false trig=discovery out=full_replan ins=planner par=false budget=10,FINAL.G1-n1,True,success,,True,
results/phase7c/phase3/oracle_ceiling/FINAL.G2/seed_00,gt_oracle mem=false trig=discovery out=full_replan ins=planner par=false budget=10,FINAL.G2,True,success,,True,
results/phase7c/phase3/oracle_ceiling/FINAL.G2/seed_01,gt_oracle mem=false trig=discovery out=full_replan ins=planner par=false budget=10,FINAL.G2,True,success,,True,
results/phase7c/phase3/oracle_ceiling/FINAL.G2/seed_02,gt_oracle mem=false trig=discovery out=full_replan ins=planner par=false budget=10,FINAL.G2,True,success,,True,
results/phase7c/phase3/oracle_ceiling/FINAL.G2/seed_03,gt_oracle mem=false trig=discovery out=full_replan ins=planner par=false budget=10,FINAL.G2,True,success,,True,
results/phase7c/phase3/oracle_ceiling/FINAL.G2/seed_04,gt_oracle mem=false trig=discovery out=full_replan ins=planner par=false budget=10,FINAL.G2,True,success,,True,
results/phase7c/phase3/oracle_ceiling/FINAL.G2/seed_05,gt_oracle mem=false trig=discovery out=full_replan ins=planner par=false budget=10,FINAL.G2,True,success,,True,
results/phase7c/phase3/oracle_ceiling/FINAL.G2/seed_06,gt_oracle mem=false trig=discovery out=full_replan ins=planner par=false budget=10,FINAL.G2,True,success,,True,
results/phase7c/phase3/oracle_ceiling/FINAL.G2/seed_07,gt_oracle mem=false trig=discovery out=full_replan ins=planner par=false budget=10,FINAL.G2,True,success,,True,
results/phase7c/phase3/oracle_ceiling/FINAL.G2/seed_08,gt_oracle mem=false trig=discovery out=full_replan ins=planner par=false budget=10,FINAL.G2,True,success,,True,
results/phase7c/phase3/oracle_ceiling/FINAL.G2/seed_09,gt_oracle mem=false trig=discovery out=full_replan ins=planner par=false budget=10,FINAL.G2,True,success,,True,
results/phase7c/phase3/oracle_ceiling/FINAL.G3/seed_00,gt_oracle mem=false trig=discovery out=full_replan ins=planner par=false budget=10,FINAL.G3,True,success,,True,
results/phase7c/phase3/oracle_ceiling/FINAL.G3/seed_01,gt_oracle mem=false trig=discovery out=full_replan ins=planner par=false budget=10,FINAL.G3,True,success,,True,
results/phase7c/phase3/oracle_ceiling/FINAL.G3/seed_02,gt_oracle mem=false trig=discovery out=full_replan ins=planner par=false budget=10,FINAL.G3,True,success,,True,
results/phase7c/phase3/oracle_ceiling/FINAL.G3/seed_03,gt_oracle mem=false trig=discovery out=full_replan ins=planner par=false budget=10,FINAL.G3,True,success,,True,
results/phase7c/phase3/oracle_ceiling/FINAL.G3/seed_04,gt_oracle mem=false trig=discovery out=full_replan ins=planner par=false budget=10,FINAL.G3,True,success,,True,
results/phase7c/phase3/oracle_ceiling/FINAL.G3/seed_05,gt_oracle mem=false trig=discovery out=full_replan ins=planner par=false budget=10,FINAL.G3,True,success,,True,
results/phase7c/phase3/oracle_ceiling/FINAL.G3/seed_06,gt_oracle mem=false trig=discovery out=full_replan ins=planner par=false budget=10,FINAL.G3,True,success,,True,
results/phase7c/phase3/oracle_ceiling/FINAL.G3/seed_07,gt_oracle mem=false trig=discovery out=full_replan ins=planner par=false budget=10,FINAL.G3,True,success,,True,
results/phase7c/phase3/oracle_ceiling/FINAL.G3/seed_08,gt_oracle mem=false trig=discovery out=full_replan ins=planner par=false budget=10,FINAL.G3,True,success,,True,
results/phase7c/phase3/oracle_ceiling/FINAL.G3/seed_09,gt_oracle mem=false trig=discovery out=full_replan ins=planner par=false budget=10,FINAL.G3,True,success,,True,
results/phase7c/phase3/oracle_ceiling/FINAL.K0/seed_00,gt_oracle mem=false trig=discovery out=full_replan ins=planner par=false budget=10,FINAL.K0,True,success,,True,
results/phase7c/phase3/oracle_ceiling/FINAL.K0/seed_01,gt_oracle mem=false trig=discovery out=full_replan ins=planner par=false budget=10,FINAL.K0,True,success,,True,
results/phase7c/phase3/oracle_ceiling/FINAL.K0/seed_02,gt_oracle mem=false trig=discovery out=full_replan ins=planner par=false budget=10,FINAL.K0,True,success,,True,
results/phase7c/phase3/oracle_ceiling/FINAL.K0/seed_03,gt_oracle mem=false trig=discovery out=full_replan ins=planner par=false budget=10,FINAL.K0,True,success,,True,
results/phase7c/phase3/oracle_ceiling/FINAL.K0/seed_04,gt_oracle mem=false trig=discovery out=full_replan ins=planner par=false budget=10,FINAL.K0,True,success,,True,
results/phase7c/phase3/oracle_ceiling/FINAL.K0/seed_05,gt_oracle mem=false trig=discovery out=full_replan ins=planner par=false budget=10,FINAL.K0,True,success,,True,
results/phase7c/phase3/oracle_ceiling/FINAL.K0/seed_06,gt_oracle mem=false trig=discovery out=full_replan ins=planner par=false budget=10,FINAL.K0,True,success,,True,
results/phase7c/phase3/oracle_ceiling/FINAL.K0/seed_07,gt_oracle mem=false trig=discovery out=full_replan ins=planner par=false budget=10,FINAL.K0,True,success,,True,
results/phase7c/phase3/oracle_ceiling/FINAL.K0/seed_08,gt_oracle mem=false trig=discovery out=full_replan ins=planner par=false budget=10,FINAL.K0,True,success,,True,
results/phase7c/phase3/oracle_ceiling/FINAL.K0/seed_09,gt_oracle mem=false trig=discovery out=full_replan ins=planner par=false budget=10,FINAL.K0,True,success,,True,
results/phase7c/phase3/oracle_ceiling/FINAL.K1/seed_00,gt_oracle mem=false trig=discovery out=full_replan ins=planner par=false budget=10,FINAL.K1,True,success,,True,
results/phase7c/phase3/oracle_ceiling/FINAL.K1/seed_01,gt_oracle mem=false trig=discovery out=full_replan ins=planner par=false budget=10,FINAL.K1,True,success,,True,
results/phase7c/phase3/oracle_ceiling/FINAL.K1/seed_02,gt_oracle mem=false trig=discovery out=full_replan ins=planner par=false budget=10,FINAL.K1,True,success,,True,
results/phase7c/phase3/oracle_ceiling/FINAL.K1/seed_03,gt_oracle mem=false trig=discovery out=full_replan ins=planner par=false budget=10,FINAL.K1,True,success,,True,
results/phase7c/phase3/oracle_ceiling/FINAL.K1/seed_04,gt_oracle mem=false trig=discovery out=full_replan ins=planner par=false budget=10,FINAL.K1,True,success,,True,
results/phase7c/phase3/oracle_ceiling/FINAL.K1/seed_05,gt_oracle mem=false trig=discovery out=full_replan ins=planner par=false budget=10,FINAL.K1,True,success,,True,
results/phase7c/phase3/oracle_ceiling/FINAL.K1/seed_06,gt_oracle mem=false trig=discovery out=full_replan ins=planner par=false budget=10,FINAL.K1,True,success,,True,
results/phase7c/phase3/oracle_ceiling/FINAL.K1/seed_07,gt_oracle mem=false trig=discovery out=full_replan ins=planner par=false budget=10,FINAL.K1,True,success,,True,
results/phase7c/phase3/oracle_ceiling/FINAL.K1/seed_08,gt_oracle mem=false trig=discovery out=full_replan ins=planner par=false budget=10,FINAL.K1,True,success,,True,
results/phase7c/phase3/oracle_ceiling/FINAL.K1/seed_09,gt_oracle mem=false trig=discovery out=full_replan ins=planner par=false budget=10,FINAL.K1,True,success,,True,
results/phase7c/phase3/oracle_ceiling/FINAL.K1-w1/seed_00,gt_oracle mem=false trig=discovery out=full_replan ins=planner par=false budget=10,FINAL.K1-w1,True,success,,True,
results/phase7c/phase3/oracle_ceiling/FINAL.K1-w1/seed_01,gt_oracle mem=false trig=discovery out=full_replan ins=planner par=false budget=10,FINAL.K1-w1,True,success,,True,
results/phase7c/phase3/oracle_ceiling/FINAL.K1-w1/seed_02,gt_oracle mem=false trig=discovery out=full_replan ins=planner par=false budget=10,FINAL.K1-w1,True,success,,True,
results/phase7c/phase3/oracle_ceiling/FINAL.K1-w1/seed_03,gt_oracle mem=false trig=discovery out=full_replan ins=planner par=false budget=10,FINAL.K1-w1,True,success,,True,
results/phase7c/phase3/oracle_ceiling/FINAL.K1-w1/seed_04,gt_oracle mem=false trig=discovery out=full_replan ins=planner par=false budget=10,FINAL.K1-w1,True,success,,True,
results/phase7c/phase3/oracle_ceiling/FINAL.K1-w1/seed_05,gt_oracle mem=false trig=discovery out=full_replan ins=planner par=false budget=10,FINAL.K1-w1,True,success,,True,
results/phase7c/phase3/oracle_ceiling/FINAL.K1-w1/seed_06,gt_oracle mem=false trig=discovery out=full_replan ins=planner par=false budget=10,FINAL.K1-w1,True,success,,True,
results/phase7c/phase3/oracle_ceiling/FINAL.K1-w1/seed_07,gt_oracle mem=false trig=discovery out=full_replan ins=planner par=false budget=10,FINAL.K1-w1,True,success,,True,
results/phase7c/phase3/oracle_ceiling/FINAL.K1-w1/seed_08,gt_oracle mem=false trig=discovery out=full_replan ins=planner par=false budget=10,FINAL.K1-w1,True,success,,True,
results/phase7c/phase3/oracle_ceiling/FINAL.K1-w1/seed_09,gt_oracle mem=false trig=discovery out=full_replan ins=planner par=false budget=10,FINAL.K1-w1,True,success,,True,
results/phase7c/phase3/oracle_ceiling/FINAL.K1-w2/seed_00,gt_oracle mem=false trig=discovery out=full_replan ins=planner par=false budget=10,FINAL.K1-w2,True,success,,True,
results/phase7c/phase3/oracle_ceiling/FINAL.K1-w2/seed_01,gt_oracle mem=false trig=discovery out=full_replan ins=planner par=false budget=10,FINAL.K1-w2,True,success,,True,
results/phase7c/phase3/oracle_ceiling/FINAL.K1-w2/seed_02,gt_oracle mem=false trig=discovery out=full_replan ins=planner par=false budget=10,FINAL.K1-w2,True,success,,True,
results/phase7c/phase3/oracle_ceiling/FINAL.K1-w2/seed_03,gt_oracle mem=false trig=discovery out=full_replan ins=planner par=false budget=10,FINAL.K1-w2,True,success,,True,
results/phase7c/phase3/oracle_ceiling/FINAL.K1-w2/seed_04,gt_oracle mem=false trig=discovery out=full_replan ins=planner par=false budget=10,FINAL.K1-w2,True,success,,True,
results/phase7c/phase3/oracle_ceiling/FINAL.K1-w2/seed_05,gt_oracle mem=false trig=discovery out=full_replan ins=planner par=false budget=10,FINAL.K1-w2,True,success,,True,
results/phase7c/phase3/oracle_ceiling/FINAL.K1-w2/seed_06,gt_oracle mem=false trig=discovery out=full_replan ins=planner par=false budget=10,FINAL.K1-w2,True,success,,True,
results/phase7c/phase3/oracle_ceiling/FINAL.K1-w2/seed_07,gt_oracle mem=false trig=discovery out=full_replan ins=planner par=false budget=10,FINAL.K1-w2,True,success,,True,
results/phase7c/phase3/oracle_ceiling/FINAL.K1-w2/seed_08,gt_oracle mem=false trig=discovery out=full_replan ins=planner par=false budget=10,FINAL.K1-w2,True,success,,True,
results/phase7c/phase3/oracle_ceiling/FINAL.K1-w2/seed_09,gt_oracle mem=false trig=discovery out=full_replan ins=planner par=false budget=10,FINAL.K1-w2,True,success,,True,
results/phase7c/phase3/oracle_ceiling/FINAL.K2/seed_00,gt_oracle mem=false trig=discovery out=full_replan ins=planner par=false budget=10,FINAL.K2,True,success,,False,
results/phase7c/phase3/oracle_ceiling/FINAL.K2/seed_01,gt_oracle mem=false trig=discovery out=full_replan ins=planner par=false budget=10,FINAL.K2,True,success,,False,
results/phase7c/phase3/oracle_ceiling/FINAL.K2/seed_02,gt_oracle mem=false trig=discovery out=full_replan ins=planner par=false budget=10,FINAL.K2,True,success,,False,
results/phase7c/phase3/oracle_ceiling/FINAL.K2/seed_03,gt_oracle mem=false trig=discovery out=full_replan ins=planner par=false budget=10,FINAL.K2,True,success,,False,
results/phase7c/phase3/oracle_ceiling/FINAL.K2/seed_04,gt_oracle mem=false trig=discovery out=full_replan ins=planner par=false budget=10,FINAL.K2,True,success,,False,
results/phase7c/phase3/oracle_ceiling/FINAL.K2/seed_05,gt_oracle mem=false trig=discovery out=full_replan ins=planner par=false budget=10,FINAL.K2,True,success,,False,
results/phase7c/phase3/oracle_ceiling/FINAL.K2/seed_06,gt_oracle mem=false trig=discovery out=full_replan ins=planner par=false budget=10,FINAL.K2,True,success,,False,
results/phase7c/phase3/oracle_ceiling/FINAL.K2/seed_07,gt_oracle mem=false trig=discovery out=full_replan ins=planner par=false budget=10,FINAL.K2,True,success,,False,
results/phase7c/phase3/oracle_ceiling/FINAL.K2/seed_08,gt_oracle mem=false trig=discovery out=full_replan ins=planner par=false budget=10,FINAL.K2,True,success,,False,
results/phase7c/phase3/oracle_ceiling/FINAL.K2/seed_09,gt_oracle mem=false trig=discovery out=full_replan ins=planner par=false budget=10,FINAL.K2,True,success,,False,
results/phase7c/phase3/oracle_ceiling/FINAL.K3/seed_00,gt_oracle mem=false trig=discovery out=full_replan ins=planner par=false budget=10,FINAL.K3,True,success,,True,
results/phase7c/phase3/oracle_ceiling/FINAL.K3/seed_01,gt_oracle mem=false trig=discovery out=full_replan ins=planner par=false budget=10,FINAL.K3,True,success,,True,
results/phase7c/phase3/oracle_ceiling/FINAL.K3/seed_02,gt_oracle mem=false trig=discovery out=full_replan ins=planner par=false budget=10,FINAL.K3,True,success,,True,
results/phase7c/phase3/oracle_ceiling/FINAL.K3/seed_03,gt_oracle mem=false trig=discovery out=full_replan ins=planner par=false budget=10,FINAL.K3,True,success,,True,
results/phase7c/phase3/oracle_ceiling/FINAL.K3/seed_04,gt_oracle mem=false trig=discovery out=full_replan ins=planner par=false budget=10,FINAL.K3,True,success,,True,
results/phase7c/phase3/oracle_ceiling/FINAL.K3/seed_05,gt_oracle mem=false trig=discovery out=full_replan ins=planner par=false budget=10,FINAL.K3,True,success,,True,
results/phase7c/phase3/oracle_ceiling/FINAL.K3/seed_06,gt_oracle mem=false trig=discovery out=full_replan ins=planner par=false budget=10,FINAL.K3,True,success,,True,
results/phase7c/phase3/oracle_ceiling/FINAL.K3/seed_07,gt_oracle mem=false trig=discovery out=full_replan ins=planner par=false budget=10,FINAL.K3,True,success,,True,
results/phase7c/phase3/oracle_ceiling/FINAL.K3/seed_08,gt_oracle mem=false trig=discovery out=full_replan ins=planner par=false budget=10,FINAL.K3,True,success,,True,
results/phase7c/phase3/oracle_ceiling/FINAL.K3/seed_09,gt_oracle mem=false trig=discovery out=full_replan ins=planner par=false budget=10,FINAL.K3,True,success,,True,
results/phase7c/phase3/oracle_ceiling/FINAL.K3-n2/seed_00,gt_oracle mem=false trig=discovery out=full_replan ins=planner par=false budget=10,FINAL.K3-n2,True,success,,True,
results/phase7c/phase3/oracle_ceiling/FINAL.K3-n2/seed_01,gt_oracle mem=false trig=discovery out=full_replan ins=planner par=false budget=10,FINAL.K3-n2,True,success,,True,
results/phase7c/phase3/oracle_ceiling/FINAL.K3-n2/seed_02,gt_oracle mem=false trig=discovery out=full_replan ins=planner par=false budget=10,FINAL.K3-n2,True,success,,True,
results/phase7c/phase3/oracle_ceiling/FINAL.K3-n2/seed_03,gt_oracle mem=false trig=discovery out=full_replan ins=planner par=false budget=10,FINAL.K3-n2,True,success,,True,
results/phase7c/phase3/oracle_ceiling/FINAL.K3-n2/seed_04,gt_oracle mem=false trig=discovery out=full_replan ins=planner par=false budget=10,FINAL.K3-n2,True,success,,True,
results/phase7c/phase3/oracle_ceiling/FINAL.K3-n2/seed_05,gt_oracle mem=false trig=discovery out=full_replan ins=planner par=false budget=10,FINAL.K3-n2,True,success,,True,
results/phase7c/phase3/oracle_ceiling/FINAL.K3-n2/seed_06,gt_oracle mem=false trig=discovery out=full_replan ins=planner par=false budget=10,FINAL.K3-n2,True,success,,True,
results/phase7c/phase3/oracle_ceiling/FINAL.K3-n2/seed_07,gt_oracle mem=false trig=discovery out=full_replan ins=planner par=false budget=10,FINAL.K3-n2,True,success,,True,
results/phase7c/phase3/oracle_ceiling/FINAL.K3-n2/seed_08,gt_oracle mem=false trig=discovery out=full_replan ins=planner par=false budget=10,FINAL.K3-n2,True,success,,True,
results/phase7c/phase3/oracle_ceiling/FINAL.K3-n2/seed_09,gt_oracle mem=false trig=discovery out=full_replan ins=planner par=false budget=10,FINAL.K3-n2,True,success,,True,
results/phase7c/phase3/oracle_ceiling/FINAL.K3-n3/seed_00,gt_oracle mem=false trig=discovery out=full_replan ins=planner par=false budget=10,FINAL.K3-n3,True,success,,True,
results/phase7c/phase3/oracle_ceiling/FINAL.K3-n3/seed_01,gt_oracle mem=false trig=discovery out=full_replan ins=planner par=false budget=10,FINAL.K3-n3,True,success,,True,
results/phase7c/phase3/oracle_ceiling/FINAL.K3-n3/seed_02,gt_oracle mem=false trig=discovery out=full_replan ins=planner par=false budget=10,FINAL.K3-n3,True,success,,True,
results/phase7c/phase3/oracle_ceiling/FINAL.K3-n3/seed_03,gt_oracle mem=false trig=discovery out=full_replan ins=planner par=false budget=10,FINAL.K3-n3,True,success,,True,
results/phase7c/phase3/oracle_ceiling/FINAL.K3-n3/seed_04,gt_oracle mem=false trig=discovery out=full_replan ins=planner par=false budget=10,FINAL.K3-n3,True,success,,True,
results/phase7c/phase3/oracle_ceiling/FINAL.K3-n3/seed_05,gt_oracle mem=false trig=discovery out=full_replan ins=planner par=false budget=10,FINAL.K3-n3,True,success,,True,
results/phase7c/phase3/oracle_ceiling/FINAL.K3-n3/seed_06,gt_oracle mem=false trig=discovery out=full_replan ins=planner par=false budget=10,FINAL.K3-n3,True,success,,True,
results/phase7c/phase3/oracle_ceiling/FINAL.K3-n3/seed_07,gt_oracle mem=false trig=discovery out=full_replan ins=planner par=false budget=10,FINAL.K3-n3,True,success,,True,
results/phase7c/phase3/oracle_ceiling/FINAL.K3-n3/seed_08,gt_oracle mem=false trig=discovery out=full_replan ins=planner par=false budget=10,FINAL.K3-n3,True,success,,True,
results/phase7c/phase3/oracle_ceiling/FINAL.K3-n3/seed_09,gt_oracle mem=false trig=discovery out=full_replan ins=planner par=false budget=10,FINAL.K3-n3,True,success,,True,
results/phase7c/phase3/oracle_ceiling/FINAL.K4/seed_00,gt_oracle mem=false trig=discovery out=full_replan ins=planner par=false budget=10,FINAL.K4,True,success,,True,
results/phase7c/phase3/oracle_ceiling/FINAL.K4/seed_01,gt_oracle mem=false trig=discovery out=full_replan ins=planner par=false budget=10,FINAL.K4,True,success,,True,
results/phase7c/phase3/oracle_ceiling/FINAL.K4/seed_02,gt_oracle mem=false trig=discovery out=full_replan ins=planner par=false budget=10,FINAL.K4,True,success,,True,
results/phase7c/phase3/oracle_ceiling/FINAL.K4/seed_03,gt_oracle mem=false trig=discovery out=full_replan ins=planner par=false budget=10,FINAL.K4,True,success,,True,
results/phase7c/phase3/oracle_ceiling/FINAL.K4/seed_04,gt_oracle mem=false trig=discovery out=full_replan ins=planner par=false budget=10,FINAL.K4,True,success,,True,
results/phase7c/phase3/oracle_ceiling/FINAL.K4/seed_05,gt_oracle mem=false trig=discovery out=full_replan ins=planner par=false budget=10,FINAL.K4,True,success,,True,
results/phase7c/phase3/oracle_ceiling/FINAL.K4/seed_06,gt_oracle mem=false trig=discovery out=full_replan ins=planner par=false budget=10,FINAL.K4,True,success,,True,
results/phase7c/phase3/oracle_ceiling/FINAL.K4/seed_07,gt_oracle mem=false trig=discovery out=full_replan ins=planner par=false budget=10,FINAL.K4,True,success,,True,
results/phase7c/phase3/oracle_ceiling/FINAL.K4/seed_08,gt_oracle mem=false trig=discovery out=full_replan ins=planner par=false budget=10,FINAL.K4,True,success,,True,
results/phase7c/phase3/oracle_ceiling/FINAL.K4/seed_09,gt_oracle mem=false trig=discovery out=full_replan ins=planner par=false budget=10,FINAL.K4,True,success,,True,
results/phase7c/phase4/if_rule/FINAL.G0/seed_00,gt_oracle mem=false trig=if_rule out=full_replan ins=planner par=false budget=10,FINAL.G0,True,success,,True,
results/phase7c/phase4/if_rule/FINAL.G0/seed_01,gt_oracle mem=false trig=if_rule out=full_replan ins=planner par=false budget=10,FINAL.G0,True,success,,True,
results/phase7c/phase4/if_rule/FINAL.G1/seed_00,gt_oracle mem=false trig=if_rule out=full_replan ins=planner par=false budget=10,FINAL.G1,True,success,,True,
results/phase7c/phase4/if_rule/FINAL.G1/seed_01,gt_oracle mem=false trig=if_rule out=full_replan ins=planner par=false budget=10,FINAL.G1,True,success,,True,
results/phase7c/phase4/if_rule/FINAL.G1-n1/seed_00,gt_oracle mem=false trig=if_rule out=full_replan ins=planner par=false budget=10,FINAL.G1-n1,True,success,,True,
results/phase7c/phase4/if_rule/FINAL.G1-n1/seed_01,gt_oracle mem=false trig=if_rule out=full_replan ins=planner par=false budget=10,FINAL.G1-n1,True,success,,True,
results/phase7c/phase4/if_rule/FINAL.G2/seed_00,gt_oracle mem=false trig=if_rule out=full_replan ins=planner par=false budget=10,FINAL.G2,True,success,,True,
results/phase7c/phase4/if_rule/FINAL.G2/seed_01,gt_oracle mem=false trig=if_rule out=full_replan ins=planner par=false budget=10,FINAL.G2,True,success,,True,
results/phase7c/phase4/if_rule/FINAL.G3/seed_00,gt_oracle mem=false trig=if_rule out=full_replan ins=planner par=false budget=10,FINAL.G3,True,success,,True,
results/phase7c/phase4/if_rule/FINAL.G3/seed_01,gt_oracle mem=false trig=if_rule out=full_replan ins=planner par=false budget=10,FINAL.G3,True,success,,True,
results/phase7c/phase4/if_rule/FINAL.K0/seed_00,gt_oracle mem=false trig=if_rule out=full_replan ins=planner par=false budget=10,FINAL.K0,True,success,,True,
results/phase7c/phase4/if_rule/FINAL.K0/seed_01,gt_oracle mem=false trig=if_rule out=full_replan ins=planner par=false budget=10,FINAL.K0,True,success,,True,
results/phase7c/phase4/if_rule/FINAL.K1/seed_00,gt_oracle mem=false trig=if_rule out=full_replan ins=planner par=false budget=10,FINAL.K1,True,success,,True,
results/phase7c/phase4/if_rule/FINAL.K1/seed_01,gt_oracle mem=false trig=if_rule out=full_replan ins=planner par=false budget=10,FINAL.K1,True,success,,True,
results/phase7c/phase4/if_rule/FINAL.K1-w1/seed_00,gt_oracle mem=false trig=if_rule out=full_replan ins=planner par=false budget=10,FINAL.K1-w1,True,success,,True,
results/phase7c/phase4/if_rule/FINAL.K1-w1/seed_01,gt_oracle mem=false trig=if_rule out=full_replan ins=planner par=false budget=10,FINAL.K1-w1,True,success,,True,
results/phase7c/phase4/if_rule/FINAL.K1-w2/seed_00,gt_oracle mem=false trig=if_rule out=full_replan ins=planner par=false budget=10,FINAL.K1-w2,True,success,,True,
results/phase7c/phase4/if_rule/FINAL.K1-w2/seed_01,gt_oracle mem=false trig=if_rule out=full_replan ins=planner par=false budget=10,FINAL.K1-w2,True,success,,True,
results/phase7c/phase4/if_rule/FINAL.K2/seed_00,gt_oracle mem=false trig=if_rule out=full_replan ins=planner par=false budget=10,FINAL.K2,True,success,,True,
results/phase7c/phase4/if_rule/FINAL.K2/seed_01,gt_oracle mem=false trig=if_rule out=full_replan ins=planner par=false budget=10,FINAL.K2,True,success,,True,
results/phase7c/phase4/if_rule/FINAL.K3/seed_00,gt_oracle mem=false trig=if_rule out=full_replan ins=planner par=false budget=10,FINAL.K3,True,success,,True,
results/phase7c/phase4/if_rule/FINAL.K3/seed_01,gt_oracle mem=false trig=if_rule out=full_replan ins=planner par=false budget=10,FINAL.K3,True,success,,True,
results/phase7c/phase4/if_rule/FINAL.K3-n2/seed_00,gt_oracle mem=false trig=if_rule out=full_replan ins=planner par=false budget=10,FINAL.K3-n2,True,success,,True,
results/phase7c/phase4/if_rule/FINAL.K3-n2/seed_01,gt_oracle mem=false trig=if_rule out=full_replan ins=planner par=false budget=10,FINAL.K3-n2,True,success,,True,
results/phase7c/phase4/if_rule/FINAL.K3-n3/seed_00,gt_oracle mem=false trig=if_rule out=full_replan ins=planner par=false budget=10,FINAL.K3-n3,True,success,,True,
results/phase7c/phase4/if_rule/FINAL.K3-n3/seed_01,gt_oracle mem=false trig=if_rule out=full_replan ins=planner par=false budget=10,FINAL.K3-n3,True,success,,True,
results/phase7c/phase4/if_rule/FINAL.K4/seed_00,gt_oracle mem=false trig=if_rule out=full_replan ins=planner par=false budget=10,FINAL.K4,True,success,,True,
results/phase7c/phase4/if_rule/FINAL.K4/seed_01,gt_oracle mem=false trig=if_rule out=full_replan ins=planner par=false budget=10,FINAL.K4,True,success,,True,
results/phase7c/phase5/corrective_planner/FINAL.G0/seed_00,gt_oracle mem=false trig=if_rule out=corrective ins=planner par=false budget=10,FINAL.G0,True,success,,True,
results/phase7c/phase5/corrective_planner/FINAL.G0/seed_01,gt_oracle mem=false trig=if_rule out=corrective ins=planner par=false budget=10,FINAL.G0,True,success,,True,
results/phase7c/phase5/corrective_planner/FINAL.G1/seed_00,gt_oracle mem=false trig=if_rule out=corrective ins=planner par=false budget=10,FINAL.G1,True,success,,True,
results/phase7c/phase5/corrective_planner/FINAL.G1/seed_01,gt_oracle mem=false trig=if_rule out=corrective ins=planner par=false budget=10,FINAL.G1,True,success,,True,
results/phase7c/phase5/corrective_planner/FINAL.G1-n1/seed_00,gt_oracle mem=false trig=if_rule out=corrective ins=planner par=false budget=10,FINAL.G1-n1,True,success,,True,
results/phase7c/phase5/corrective_planner/FINAL.G1-n1/seed_01,gt_oracle mem=false trig=if_rule out=corrective ins=planner par=false budget=10,FINAL.G1-n1,True,success,,True,
results/phase7c/phase5/corrective_planner/FINAL.G2/seed_00,gt_oracle mem=false trig=if_rule out=corrective ins=planner par=false budget=10,FINAL.G2,True,success,,True,
results/phase7c/phase5/corrective_planner/FINAL.G2/seed_01,gt_oracle mem=false trig=if_rule out=corrective ins=planner par=false budget=10,FINAL.G2,True,success,,True,
results/phase7c/phase5/corrective_planner/FINAL.G3/seed_00,gt_oracle mem=false trig=if_rule out=corrective ins=planner par=false budget=10,FINAL.G3,True,success,,True,
results/phase7c/phase5/corrective_planner/FINAL.G3/seed_01,gt_oracle mem=false trig=if_rule out=corrective ins=planner par=false budget=10,FINAL.G3,True,success,,True,
results/phase7c/phase5/corrective_planner/FINAL.K0/seed_00,gt_oracle mem=false trig=if_rule out=corrective ins=planner par=false budget=10,FINAL.K0,True,success,,True,
results/phase7c/phase5/corrective_planner/FINAL.K0/seed_01,gt_oracle mem=false trig=if_rule out=corrective ins=planner par=false budget=10,FINAL.K0,True,success,,True,
results/phase7c/phase5/corrective_planner/FINAL.K1/seed_00,gt_oracle mem=false trig=if_rule out=corrective ins=planner par=false budget=10,FINAL.K1,True,success,,True,
results/phase7c/phase5/corrective_planner/FINAL.K1/seed_01,gt_oracle mem=false trig=if_rule out=corrective ins=planner par=false budget=10,FINAL.K1,True,success,,True,
results/phase7c/phase5/corrective_planner/FINAL.K1-w1/seed_00,gt_oracle mem=false trig=if_rule out=corrective ins=planner par=false budget=10,FINAL.K1-w1,True,success,,True,
results/phase7c/phase5/corrective_planner/FINAL.K1-w1/seed_01,gt_oracle mem=false trig=if_rule out=corrective ins=planner par=false budget=10,FINAL.K1-w1,True,success,,True,
results/phase7c/phase5/corrective_planner/FINAL.K1-w2/seed_00,gt_oracle mem=false trig=if_rule out=corrective ins=planner par=false budget=10,FINAL.K1-w2,True,success,,True,
results/phase7c/phase5/corrective_planner/FINAL.K1-w2/seed_01,gt_oracle mem=false trig=if_rule out=corrective ins=planner par=false budget=10,FINAL.K1-w2,True,success,,True,
results/phase7c/phase5/corrective_planner/FINAL.K2/seed_00,gt_oracle mem=false trig=if_rule out=corrective ins=planner par=false budget=10,FINAL.K2,True,success,,True,
results/phase7c/phase5/corrective_planner/FINAL.K2/seed_01,gt_oracle mem=false trig=if_rule out=corrective ins=planner par=false budget=10,FINAL.K2,True,success,,True,
results/phase7c/phase5/corrective_planner/FINAL.K3/seed_00,gt_oracle mem=false trig=if_rule out=corrective ins=planner par=false budget=10,FINAL.K3,True,success,,True,
results/phase7c/phase5/corrective_planner/FINAL.K3/seed_01,gt_oracle mem=false trig=if_rule out=corrective ins=planner par=false budget=10,FINAL.K3,True,success,,True,
results/phase7c/phase5/corrective_planner/FINAL.K3-n2/seed_00,gt_oracle mem=false trig=if_rule out=corrective ins=planner par=false budget=10,FINAL.K3-n2,True,success,,True,
results/phase7c/phase5/corrective_planner/FINAL.K3-n2/seed_01,gt_oracle mem=false trig=if_rule out=corrective ins=planner par=false budget=10,FINAL.K3-n2,True,success,,True,
results/phase7c/phase5/corrective_planner/FINAL.K3-n3/seed_00,gt_oracle mem=false trig=if_rule out=corrective ins=planner par=false budget=10,FINAL.K3-n3,True,success,,True,
results/phase7c/phase5/corrective_planner/FINAL.K3-n3/seed_01,gt_oracle mem=false trig=if_rule out=corrective ins=planner par=false budget=10,FINAL.K3-n3,True,success,,True,
results/phase7c/phase5/corrective_planner/FINAL.K4/seed_00,gt_oracle mem=false trig=if_rule out=corrective ins=planner par=false budget=10,FINAL.K4,True,success,,True,
results/phase7c/phase5/corrective_planner/FINAL.K4/seed_01,gt_oracle mem=false trig=if_rule out=corrective ins=planner par=false budget=10,FINAL.K4,True,success,,True,
results/phase7c/phase5/always_front/FINAL.G1/seed_00,gt_oracle mem=false trig=if_rule out=corrective ins=always_front par=false budget=10,FINAL.G1,True,success,,True,
results/phase7c/phase5/always_front/FINAL.G2/seed_00,gt_oracle mem=false trig=if_rule out=corrective ins=always_front par=false budget=10,FINAL.G2,False,insertion_error,insertion_error;replan_budget_exhausted,True,repeated_planner_output@47;repeated_planner_output@49
results/phase7c/phase5/always_front/FINAL.G3/seed_00,gt_oracle mem=false trig=if_rule out=corrective ins=always_front par=false budget=10,FINAL.G3,False,insertion_error,insertion_error;replan_budget_exhausted,True,repeated_planner_output@31;repeated_planner_output@33
results/phase7c/phase5/always_front/FINAL.K1/seed_00,gt_oracle mem=false trig=if_rule out=corrective ins=always_front par=false budget=10,FINAL.K1,True,success,,True,
results/phase7c/phase5/always_front/FINAL.K3/seed_00,gt_oracle mem=false trig=if_rule out=corrective ins=always_front par=false budget=10,FINAL.K3,True,success,,True,
results/phase7c/phase5/always_front/FINAL.K4/seed_00,gt_oracle mem=false trig=if_rule out=corrective ins=always_front par=false budget=10,FINAL.K4,True,success,,True,
results/phase7c/phase5/always_end/FINAL.G1/seed_00,gt_oracle mem=false trig=if_rule out=corrective ins=always_end par=false budget=10,FINAL.G1,False,insertion_error,insertion_error,True,
results/phase7c/phase5/always_end/FINAL.G2/seed_00,gt_oracle mem=false trig=if_rule out=corrective ins=always_end par=false budget=10,FINAL.G2,False,insertion_error,insertion_error,True,
results/phase7c/phase5/always_end/FINAL.G3/seed_00,gt_oracle mem=false trig=if_rule out=corrective ins=always_end par=false budget=10,FINAL.G3,True,success,,True,
results/phase7c/phase5/always_end/FINAL.K1/seed_00,gt_oracle mem=false trig=if_rule out=corrective ins=always_end par=false budget=10,FINAL.K1,False,insertion_error,insertion_error;replan_budget_exhausted,True,insertion_too_late@26;insertion_too_late@29;repeated_planner_output@33;repeated_planner_output@35
results/phase7c/phase5/always_end/FINAL.K3/seed_00,gt_oracle mem=false trig=if_rule out=corrective ins=always_end par=false budget=10,FINAL.K3,False,insertion_error,insertion_error;replan_budget_exhausted,True,insertion_too_late@26;insertion_too_late@29;repeated_planner_output@33;repeated_planner_output@35
results/phase7c/phase5/always_end/FINAL.K4/seed_00,gt_oracle mem=false trig=if_rule out=corrective ins=always_end par=false budget=10,FINAL.K4,True,success,,True,
results/phase7c/phase6/parallel_off/FINAL.G0/seed_00,gt_oracle mem=false trig=if_rule out=corrective ins=planner par=false budget=10 delay=20s,FINAL.G0,True,success,,True,
results/phase7c/phase6/parallel_off/FINAL.G0/seed_01,gt_oracle mem=false trig=if_rule out=corrective ins=planner par=false budget=10 delay=20s,FINAL.G0,True,success,,True,
results/phase7c/phase6/parallel_off/FINAL.G1/seed_00,gt_oracle mem=false trig=if_rule out=corrective ins=planner par=false budget=10 delay=20s,FINAL.G1,True,success,,True,
results/phase7c/phase6/parallel_off/FINAL.G1/seed_01,gt_oracle mem=false trig=if_rule out=corrective ins=planner par=false budget=10 delay=20s,FINAL.G1,True,success,,True,
results/phase7c/phase6/parallel_off/FINAL.G1-n1/seed_00,gt_oracle mem=false trig=if_rule out=corrective ins=planner par=false budget=10 delay=20s,FINAL.G1-n1,True,success,,True,
results/phase7c/phase6/parallel_off/FINAL.G1-n1/seed_01,gt_oracle mem=false trig=if_rule out=corrective ins=planner par=false budget=10 delay=20s,FINAL.G1-n1,True,success,,True,
results/phase7c/phase6/parallel_off/FINAL.G2/seed_00,gt_oracle mem=false trig=if_rule out=corrective ins=planner par=false budget=10 delay=20s,FINAL.G2,True,success,,True,
results/phase7c/phase6/parallel_off/FINAL.G2/seed_01,gt_oracle mem=false trig=if_rule out=corrective ins=planner par=false budget=10 delay=20s,FINAL.G2,True,success,,True,
results/phase7c/phase6/parallel_off/FINAL.G3/seed_00,gt_oracle mem=false trig=if_rule out=corrective ins=planner par=false budget=10 delay=20s,FINAL.G3,True,success,,True,
results/phase7c/phase6/parallel_off/FINAL.G3/seed_01,gt_oracle mem=false trig=if_rule out=corrective ins=planner par=false budget=10 delay=20s,FINAL.G3,True,success,,True,
results/phase7c/phase6/parallel_off/FINAL.K0/seed_00,gt_oracle mem=false trig=if_rule out=corrective ins=planner par=false budget=10 delay=20s,FINAL.K0,True,success,,True,
results/phase7c/phase6/parallel_off/FINAL.K0/seed_01,gt_oracle mem=false trig=if_rule out=corrective ins=planner par=false budget=10 delay=20s,FINAL.K0,True,success,,True,
results/phase7c/phase6/parallel_off/FINAL.K1/seed_00,gt_oracle mem=false trig=if_rule out=corrective ins=planner par=false budget=10 delay=20s,FINAL.K1,True,success,,True,
results/phase7c/phase6/parallel_off/FINAL.K1/seed_01,gt_oracle mem=false trig=if_rule out=corrective ins=planner par=false budget=10 delay=20s,FINAL.K1,True,success,,True,
results/phase7c/phase6/parallel_off/FINAL.K1-w1/seed_00,gt_oracle mem=false trig=if_rule out=corrective ins=planner par=false budget=10 delay=20s,FINAL.K1-w1,True,success,,True,
results/phase7c/phase6/parallel_off/FINAL.K1-w1/seed_01,gt_oracle mem=false trig=if_rule out=corrective ins=planner par=false budget=10 delay=20s,FINAL.K1-w1,True,success,,True,
results/phase7c/phase6/parallel_off/FINAL.K1-w2/seed_00,gt_oracle mem=false trig=if_rule out=corrective ins=planner par=false budget=10 delay=20s,FINAL.K1-w2,True,success,,True,
results/phase7c/phase6/parallel_off/FINAL.K1-w2/seed_01,gt_oracle mem=false trig=if_rule out=corrective ins=planner par=false budget=10 delay=20s,FINAL.K1-w2,True,success,,True,
results/phase7c/phase6/parallel_off/FINAL.K2/seed_00,gt_oracle mem=false trig=if_rule out=corrective ins=planner par=false budget=10 delay=20s,FINAL.K2,True,success,,True,
results/phase7c/phase6/parallel_off/FINAL.K2/seed_01,gt_oracle mem=false trig=if_rule out=corrective ins=planner par=false budget=10 delay=20s,FINAL.K2,True,success,,True,
results/phase7c/phase6/parallel_off/FINAL.K3/seed_00,gt_oracle mem=false trig=if_rule out=corrective ins=planner par=false budget=10 delay=20s,FINAL.K3,True,success,,True,
results/phase7c/phase6/parallel_off/FINAL.K3/seed_01,gt_oracle mem=false trig=if_rule out=corrective ins=planner par=false budget=10 delay=20s,FINAL.K3,True,success,,True,
results/phase7c/phase6/parallel_off/FINAL.K3-n2/seed_00,gt_oracle mem=false trig=if_rule out=corrective ins=planner par=false budget=10 delay=20s,FINAL.K3-n2,True,success,,True,
results/phase7c/phase6/parallel_off/FINAL.K3-n2/seed_01,gt_oracle mem=false trig=if_rule out=corrective ins=planner par=false budget=10 delay=20s,FINAL.K3-n2,True,success,,True,
results/phase7c/phase6/parallel_off/FINAL.K3-n3/seed_00,gt_oracle mem=false trig=if_rule out=corrective ins=planner par=false budget=10 delay=20s,FINAL.K3-n3,True,success,,True,
results/phase7c/phase6/parallel_off/FINAL.K3-n3/seed_01,gt_oracle mem=false trig=if_rule out=corrective ins=planner par=false budget=10 delay=20s,FINAL.K3-n3,True,success,,True,
results/phase7c/phase6/parallel_off/FINAL.K4/seed_00,gt_oracle mem=false trig=if_rule out=corrective ins=planner par=false budget=10 delay=20s,FINAL.K4,True,success,,True,
results/phase7c/phase6/parallel_off/FINAL.K4/seed_01,gt_oracle mem=false trig=if_rule out=corrective ins=planner par=false budget=10 delay=20s,FINAL.K4,True,success,,True,
results/phase7c/phase6/parallel_on/FINAL.G0/seed_00,gt_oracle mem=false trig=if_rule out=corrective ins=planner par=true budget=10 delay=20s,FINAL.G0,True,success,,True,
results/phase7c/phase6/parallel_on/FINAL.G0/seed_01,gt_oracle mem=false trig=if_rule out=corrective ins=planner par=true budget=10 delay=20s,FINAL.G0,True,success,,True,
results/phase7c/phase6/parallel_on/FINAL.G1/seed_00,gt_oracle mem=false trig=if_rule out=corrective ins=planner par=true budget=10 delay=20s,FINAL.G1,True,success,,True,
results/phase7c/phase6/parallel_on/FINAL.G1/seed_01,gt_oracle mem=false trig=if_rule out=corrective ins=planner par=true budget=10 delay=20s,FINAL.G1,True,success,,True,
results/phase7c/phase6/parallel_on/FINAL.G1-n1/seed_00,gt_oracle mem=false trig=if_rule out=corrective ins=planner par=true budget=10 delay=20s,FINAL.G1-n1,True,success,,True,
results/phase7c/phase6/parallel_on/FINAL.G1-n1/seed_01,gt_oracle mem=false trig=if_rule out=corrective ins=planner par=true budget=10 delay=20s,FINAL.G1-n1,True,success,,True,
results/phase7c/phase6/parallel_on/FINAL.G2/seed_00,gt_oracle mem=false trig=if_rule out=corrective ins=planner par=true budget=10 delay=20s,FINAL.G2,True,success,,True,
results/phase7c/phase6/parallel_on/FINAL.G2/seed_01,gt_oracle mem=false trig=if_rule out=corrective ins=planner par=true budget=10 delay=20s,FINAL.G2,True,success,,True,
results/phase7c/phase6/parallel_on/FINAL.G3/seed_00,gt_oracle mem=false trig=if_rule out=corrective ins=planner par=true budget=10 delay=20s,FINAL.G3,True,success,,True,
results/phase7c/phase6/parallel_on/FINAL.G3/seed_01,gt_oracle mem=false trig=if_rule out=corrective ins=planner par=true budget=10 delay=20s,FINAL.G3,True,success,,True,
results/phase7c/phase6/parallel_on/FINAL.K0/seed_00,gt_oracle mem=false trig=if_rule out=corrective ins=planner par=true budget=10 delay=20s,FINAL.K0,True,success,,True,
results/phase7c/phase6/parallel_on/FINAL.K0/seed_01,gt_oracle mem=false trig=if_rule out=corrective ins=planner par=true budget=10 delay=20s,FINAL.K0,True,success,,True,
results/phase7c/phase6/parallel_on/FINAL.K1/seed_00,gt_oracle mem=false trig=if_rule out=corrective ins=planner par=true budget=10 delay=20s,FINAL.K1,True,success,,True,
results/phase7c/phase6/parallel_on/FINAL.K1/seed_01,gt_oracle mem=false trig=if_rule out=corrective ins=planner par=true budget=10 delay=20s,FINAL.K1,True,success,,True,
results/phase7c/phase6/parallel_on/FINAL.K1-w1/seed_00,gt_oracle mem=false trig=if_rule out=corrective ins=planner par=true budget=10 delay=20s,FINAL.K1-w1,True,success,,True,
results/phase7c/phase6/parallel_on/FINAL.K1-w1/seed_01,gt_oracle mem=false trig=if_rule out=corrective ins=planner par=true budget=10 delay=20s,FINAL.K1-w1,True,success,,True,
results/phase7c/phase6/parallel_on/FINAL.K1-w2/seed_00,gt_oracle mem=false trig=if_rule out=corrective ins=planner par=true budget=10 delay=20s,FINAL.K1-w2,True,success,,True,
results/phase7c/phase6/parallel_on/FINAL.K1-w2/seed_01,gt_oracle mem=false trig=if_rule out=corrective ins=planner par=true budget=10 delay=20s,FINAL.K1-w2,True,success,,True,
results/phase7c/phase6/parallel_on/FINAL.K2/seed_00,gt_oracle mem=false trig=if_rule out=corrective ins=planner par=true budget=10 delay=20s,FINAL.K2,True,success,,True,
results/phase7c/phase6/parallel_on/FINAL.K2/seed_01,gt_oracle mem=false trig=if_rule out=corrective ins=planner par=true budget=10 delay=20s,FINAL.K2,True,success,,True,
results/phase7c/phase6/parallel_on/FINAL.K3/seed_00,gt_oracle mem=false trig=if_rule out=corrective ins=planner par=true budget=10 delay=20s,FINAL.K3,True,success,,True,
results/phase7c/phase6/parallel_on/FINAL.K3/seed_01,gt_oracle mem=false trig=if_rule out=corrective ins=planner par=true budget=10 delay=20s,FINAL.K3,True,success,,True,
results/phase7c/phase6/parallel_on/FINAL.K3-n2/seed_00,gt_oracle mem=false trig=if_rule out=corrective ins=planner par=true budget=10 delay=20s,FINAL.K3-n2,True,success,,True,
results/phase7c/phase6/parallel_on/FINAL.K3-n2/seed_01,gt_oracle mem=false trig=if_rule out=corrective ins=planner par=true budget=10 delay=20s,FINAL.K3-n2,True,success,,True,
results/phase7c/phase6/parallel_on/FINAL.K3-n3/seed_00,gt_oracle mem=false trig=if_rule out=corrective ins=planner par=true budget=10 delay=20s,FINAL.K3-n3,True,success,,True,
results/phase7c/phase6/parallel_on/FINAL.K3-n3/seed_01,gt_oracle mem=false trig=if_rule out=corrective ins=planner par=true budget=10 delay=20s,FINAL.K3-n3,True,success,,True,
results/phase7c/phase6/parallel_on/FINAL.K4/seed_00,gt_oracle mem=false trig=if_rule out=corrective ins=planner par=true budget=10 delay=20s,FINAL.K4,True,success,,True,
results/phase7c/phase6/parallel_on/FINAL.K4/seed_01,gt_oracle mem=false trig=if_rule out=corrective ins=planner par=true budget=10 delay=20s,FINAL.K4,True,success,,True,
results/phase7c/phase8_conditions/if_ablation/FINAL.G0/seed_00,gt_oracle mem=true trig=discovery out=corrective ins=planner par=true budget=10 delay=20s,FINAL.G0,True,success,,True,
results/phase7c/phase8_conditions/if_ablation/FINAL.G1/seed_00,gt_oracle mem=true trig=discovery out=corrective ins=planner par=true budget=10 delay=20s,FINAL.G1,True,success,,True,
results/phase7c/phase8_conditions/if_ablation/FINAL.G1-n1/seed_00,gt_oracle mem=true trig=discovery out=corrective ins=planner par=true budget=10 delay=20s,FINAL.G1-n1,True,success,,True,
results/phase7c/phase8_conditions/if_ablation/FINAL.G2/seed_00,gt_oracle mem=true trig=discovery out=corrective ins=planner par=true budget=10 delay=20s,FINAL.G2,True,success,,True,
results/phase7c/phase8_conditions/if_ablation/FINAL.G3/seed_00,gt_oracle mem=true trig=discovery out=corrective ins=planner par=true budget=10 delay=20s,FINAL.G3,True,success,,True,
results/phase7c/phase8_conditions/if_ablation/FINAL.K0/seed_00,gt_oracle mem=true trig=discovery out=corrective ins=planner par=true budget=10 delay=20s,FINAL.K0,True,success,,True,
results/phase7c/phase8_conditions/if_ablation/FINAL.K1/seed_00,gt_oracle mem=true trig=discovery out=corrective ins=planner par=true budget=10 delay=20s,FINAL.K1,True,success,,True,
results/phase7c/phase8_conditions/if_ablation/FINAL.K1-w1/seed_00,gt_oracle mem=true trig=discovery out=corrective ins=planner par=true budget=10 delay=20s,FINAL.K1-w1,True,success,,True,
results/phase7c/phase8_conditions/if_ablation/FINAL.K1-w2/seed_00,gt_oracle mem=true trig=discovery out=corrective ins=planner par=true budget=10 delay=20s,FINAL.K1-w2,True,success,,True,
results/phase7c/phase8_conditions/if_ablation/FINAL.K2/seed_00,gt_oracle mem=true trig=discovery out=corrective ins=planner par=true budget=10 delay=20s,FINAL.K2,True,success,,False,
results/phase7c/phase8_conditions/if_ablation/FINAL.K3/seed_00,gt_oracle mem=true trig=discovery out=corrective ins=planner par=true budget=10 delay=20s,FINAL.K3,True,success,,True,
results/phase7c/phase8_conditions/if_ablation/FINAL.K3-n2/seed_00,gt_oracle mem=true trig=discovery out=corrective ins=planner par=true budget=10 delay=20s,FINAL.K3-n2,True,success,,True,
results/phase7c/phase8_conditions/if_ablation/FINAL.K3-n3/seed_00,gt_oracle mem=true trig=discovery out=corrective ins=planner par=true budget=10 delay=20s,FINAL.K3-n3,True,success,,True,
results/phase7c/phase8_conditions/if_ablation/FINAL.K4/seed_00,gt_oracle mem=true trig=discovery out=corrective ins=planner par=true budget=10 delay=20s,FINAL.K4,True,success,,True,
results/phase7c/phase8_conditions/full_system/FINAL.G0/seed_00,gt_oracle mem=true trig=if_rule out=corrective ins=planner par=true budget=10 delay=20s,FINAL.G0,True,success,,True,
results/phase7c/phase8_conditions/full_system/FINAL.G1/seed_00,gt_oracle mem=true trig=if_rule out=corrective ins=planner par=true budget=10 delay=20s,FINAL.G1,True,success,,True,
results/phase7c/phase8_conditions/full_system/FINAL.G1-n1/seed_00,gt_oracle mem=true trig=if_rule out=corrective ins=planner par=true budget=10 delay=20s,FINAL.G1-n1,True,success,,True,
results/phase7c/phase8_conditions/full_system/FINAL.G2/seed_00,gt_oracle mem=true trig=if_rule out=corrective ins=planner par=true budget=10 delay=20s,FINAL.G2,True,success,,True,
results/phase7c/phase8_conditions/full_system/FINAL.G3/seed_00,gt_oracle mem=true trig=if_rule out=corrective ins=planner par=true budget=10 delay=20s,FINAL.G3,True,success,,True,
results/phase7c/phase8_conditions/full_system/FINAL.K0/seed_00,gt_oracle mem=true trig=if_rule out=corrective ins=planner par=true budget=10 delay=20s,FINAL.K0,True,success,,True,
results/phase7c/phase8_conditions/full_system/FINAL.K1/seed_00,gt_oracle mem=true trig=if_rule out=corrective ins=planner par=true budget=10 delay=20s,FINAL.K1,True,success,,True,
results/phase7c/phase8_conditions/full_system/FINAL.K1-w1/seed_00,gt_oracle mem=true trig=if_rule out=corrective ins=planner par=true budget=10 delay=20s,FINAL.K1-w1,True,success,,True,
results/phase7c/phase8_conditions/full_system/FINAL.K1-w2/seed_00,gt_oracle mem=true trig=if_rule out=corrective ins=planner par=true budget=10 delay=20s,FINAL.K1-w2,True,success,,True,
results/phase7c/phase8_conditions/full_system/FINAL.K2/seed_00,gt_oracle mem=true trig=if_rule out=corrective ins=planner par=true budget=10 delay=20s,FINAL.K2,True,success,,True,
results/phase7c/phase8_conditions/full_system/FINAL.K3/seed_00,gt_oracle mem=true trig=if_rule out=corrective ins=planner par=true budget=10 delay=20s,FINAL.K3,True,success,,True,
results/phase7c/phase8_conditions/full_system/FINAL.K3-n2/seed_00,gt_oracle mem=true trig=if_rule out=corrective ins=planner par=true budget=10 delay=20s,FINAL.K3-n2,True,success,,True,
results/phase7c/phase8_conditions/full_system/FINAL.K3-n3/seed_00,gt_oracle mem=true trig=if_rule out=corrective ins=planner par=true budget=10 delay=20s,FINAL.K3-n3,True,success,,True,
results/phase7c/phase8_conditions/full_system/FINAL.K4/seed_00,gt_oracle mem=true trig=if_rule out=corrective ins=planner par=true budget=10 delay=20s,FINAL.K4,True,success,,True,
